-- phpMyAdmin SQL Dump
-- version 5.2.1
-- https://www.phpmyadmin.net/
--
-- Host: 127.0.0.1
-- Generation Time: Jan 14, 2026 at 03:04 PM
-- Server version: 10.4.32-MariaDB
-- PHP Version: 8.0.30

SET SQL_MODE = "NO_AUTO_VALUE_ON_ZERO";
START TRANSACTION;
SET time_zone = "+00:00";


/*!40101 SET @OLD_CHARACTER_SET_CLIENT=@@CHARACTER_SET_CLIENT */;
/*!40101 SET @OLD_CHARACTER_SET_RESULTS=@@CHARACTER_SET_RESULTS */;
/*!40101 SET @OLD_COLLATION_CONNECTION=@@COLLATION_CONNECTION */;
/*!40101 SET NAMES utf8mb4 */;

--
-- Database: `notes_db`
--

-- --------------------------------------------------------

--
-- Table structure for table `affectations_profs`
--

CREATE TABLE `affectations_profs` (
  `id` int(11) NOT NULL,
  `professeur_id` int(11) NOT NULL,
  `matiere_id` int(11) NOT NULL,
  `periode_id` int(11) NOT NULL,
  `groupe` varchar(50) DEFAULT NULL
) ENGINE=InnoDB DEFAULT CHARSET=utf8mb4 COLLATE=utf8mb4_general_ci;

--
-- Dumping data for table `affectations_profs`
--

INSERT INTO `affectations_profs` (`id`, `professeur_id`, `matiere_id`, `periode_id`, `groupe`) VALUES
(6, 3, 1, 1, NULL),
(2, 3, 3, 1, NULL),
(4, 3, 4, 1, NULL),
(1, 3, 5, 1, NULL),
(8, 4, 6, 1, NULL),
(7, 4, 7, 1, NULL),
(10, 4, 8, 1, NULL),
(11, 4, 9, 1, NULL);

-- --------------------------------------------------------

--
-- Table structure for table `configuration_colonnes`
--

CREATE TABLE `configuration_colonnes` (
  `id` int(11) NOT NULL,
  `matiere_id` int(11) NOT NULL,
  `periode_id` int(11) NOT NULL,
  `nom_colonne` varchar(50) NOT NULL,
  `code_colonne` varchar(20) NOT NULL,
  `type` enum('note','bonus','malus','info') DEFAULT 'note',
  `note_max` decimal(5,2) DEFAULT 20.00,
  `coefficient` decimal(3,1) DEFAULT 1.0,
  `obligatoire` tinyint(1) DEFAULT 1,
  `ordre` int(11) NOT NULL,
  `date_creation` timestamp NOT NULL DEFAULT current_timestamp()
) ENGINE=InnoDB DEFAULT CHARSET=utf8mb4 COLLATE=utf8mb4_general_ci;

--
-- Dumping data for table `configuration_colonnes`
--

INSERT INTO `configuration_colonnes` (`id`, `matiere_id`, `periode_id`, `nom_colonne`, `code_colonne`, `type`, `note_max`, `coefficient`, `obligatoire`, `ordre`, `date_creation`) VALUES
(1, 5, 1, 'controle continue 1', 'CC1', 'note', 20.00, 1.0, 1, 1, '2026-01-11 22:36:10'),
(2, 5, 1, 'controle continue 2', 'CC2', 'note', 20.00, 1.0, 1, 2, '2026-01-11 22:36:28'),
(3, 3, 1, 'TP1', 'TP1', 'note', 20.00, 1.0, 1, 1, '2026-01-12 00:41:17'),
(5, 3, 1, 'TP2', 'TP2', 'note', 20.00, 1.0, 1, 2, '2026-01-12 00:41:46'),
(6, 4, 1, 'controle continue 1', 'CC1', 'note', 20.00, 1.0, 1, 1, '2026-01-12 16:39:54'),
(7, 4, 1, 'controle continue 2', 'CC2', 'note', 20.00, 1.0, 1, 2, '2026-01-12 16:42:19'),
(8, 4, 1, 'exament final', 'EXF', 'note', 20.00, 1.0, 1, 3, '2026-01-12 16:45:25'),
(9, 4, 1, 'TP1', 'TP1', 'note', 20.00, 1.0, 1, 4, '2026-01-12 16:46:33'),
(10, 4, 1, 'TP2', 'TP2', 'note', 20.00, 1.0, 1, 5, '2026-01-12 16:46:44'),
(11, 3, 1, 'controle continue', 'CC1', 'note', 20.00, 1.0, 1, 3, '2026-01-13 19:46:16'),
(12, 3, 1, 'examen', 'EX', 'note', 20.00, 1.0, 1, 4, '2026-01-13 19:46:48'),
(14, 5, 1, 'travaux pratique', 'TP1', 'note', 20.00, 1.0, 1, 3, '2026-01-13 20:07:31'),
(15, 5, 1, 'examen', 'EX1', 'note', 20.00, 1.0, 1, 4, '2026-01-13 20:07:47'),
(16, 1, 1, 'controle continue 1', 'CC1', 'note', 20.00, 1.0, 1, 1, '2026-01-13 21:11:12'),
(17, 1, 1, 'controle continue 2', 'CC2', 'note', 20.00, 1.0, 1, 2, '2026-01-13 21:11:28'),
(18, 1, 1, 'TP1', 'TP1', 'note', 20.00, 1.0, 1, 3, '2026-01-13 21:11:34'),
(19, 1, 1, 'TP2', 'TP2', 'note', 20.00, 1.0, 1, 4, '2026-01-13 21:11:39'),
(20, 1, 1, 'EXAM', 'EXAM', 'note', 20.00, 1.0, 1, 5, '2026-01-13 21:11:44'),
(21, 8, 1, 'controle continue 1', 'CC1', 'note', 20.00, 1.0, 1, 1, '2026-01-14 00:30:05'),
(22, 8, 1, 'controle continue 2', 'CC2', 'note', 20.00, 1.0, 1, 2, '2026-01-14 00:30:25'),
(23, 8, 1, 'EXAM', 'EXAM', 'note', 20.00, 1.0, 1, 3, '2026-01-14 00:30:33'),
(24, 6, 1, 'controle continue 1', 'CC1', 'note', 20.00, 1.0, 1, 1, '2026-01-14 00:31:15'),
(25, 6, 1, 'controle continue 2', 'CC2', 'note', 20.00, 1.0, 1, 2, '2026-01-14 12:06:22'),
(26, 6, 1, 'EXAM', 'EXAM', 'note', 20.00, 1.0, 1, 3, '2026-01-14 12:07:05');

-- --------------------------------------------------------

--
-- Table structure for table `filieres`
--

CREATE TABLE `filieres` (
  `id` int(11) NOT NULL,
  `nom` varchar(150) NOT NULL,
  `niveau` varchar(20) DEFAULT NULL,
  `responsable_id` int(11) DEFAULT NULL,
  `date_creation` timestamp NOT NULL DEFAULT current_timestamp()
) ENGINE=InnoDB DEFAULT CHARSET=utf8mb4 COLLATE=utf8mb4_general_ci;

--
-- Dumping data for table `filieres`
--

INSERT INTO `filieres` (`id`, `nom`, `niveau`, `responsable_id`, `date_creation`) VALUES
(1, 'CS', 'Cycle Ingénieur', 3, '2026-01-11 21:55:23'),
(2, 'AI', 'Cycle Ingénieur', 4, '2026-01-11 21:56:45');

-- --------------------------------------------------------

--
-- Table structure for table `formules`
--

CREATE TABLE `formules` (
  `id` int(11) NOT NULL,
  `matiere_id` int(11) NOT NULL,
  `periode_id` int(11) NOT NULL,
  `formule` text NOT NULL,
  `description` varchar(255) DEFAULT NULL,
  `date_creation` timestamp NOT NULL DEFAULT current_timestamp(),
  `date_modification` timestamp NOT NULL DEFAULT current_timestamp() ON UPDATE current_timestamp()
) ENGINE=InnoDB DEFAULT CHARSET=utf8mb4 COLLATE=utf8mb4_general_ci;

--
-- Dumping data for table `formules`
--

INSERT INTO `formules` (`id`, `matiere_id`, `periode_id`, `formule`, `description`, `date_creation`, `date_modification`) VALUES
(1, 5, 1, 'SI(EX1 < 7, EX1, (MOYENNE(CC1, CC2) * 0.2 + TP1 * 0.2 + EX1 * 0.6))', NULL, '2026-01-11 22:37:53', '2026-01-14 13:10:32'),
(2, 3, 1, 'SI(EX < 7, EX, (MOYENNE(TP1, TP2) * 0.2 + CC1 * 0.2 + EX * 0.6))', NULL, '2026-01-12 00:42:25', '2026-01-14 13:08:50'),
(3, 4, 1, 'SI(EXF < 7, EXF, (MOYENNE(CC1, CC2) * 0.2 + MOYENNE(TP1, TP2) * 0.2 + EXF * 0.6))', NULL, '2026-01-12 16:57:53', '2026-01-14 13:14:09'),
(4, 1, 1, 'SI(EXAM < 7, EXAM, (MOYENNE(CC1, CC2) * 0.2 + MOYENNE(TP1, TP2) * 0.2 + EXAM * 0.6))', NULL, '2026-01-13 21:17:23', '2026-01-14 13:15:06'),
(5, 6, 1, 'SI(EXAM < 7, EXAM, (MOYENNE(CC1, CC2) * 0.4 + EXAM * 0.6))', NULL, '2026-01-14 12:14:48', '2026-01-14 12:14:48'),
(6, 8, 1, 'SI(EXAM < 7, EXAM, (MOYENNE(CC1, CC2) * 0.4 + EXAM * 0.6))', NULL, '2026-01-14 13:00:31', '2026-01-14 13:00:31');

-- --------------------------------------------------------

--
-- Table structure for table `historique_notes`
--

CREATE TABLE `historique_notes` (
  `id` int(11) NOT NULL,
  `note_id` int(11) NOT NULL,
  `ancienne_valeur` decimal(5,2) DEFAULT NULL,
  `nouvelle_valeur` decimal(5,2) DEFAULT NULL,
  `ancien_statut` varchar(20) DEFAULT NULL,
  `nouveau_statut` varchar(20) DEFAULT NULL,
  `modifie_par` int(11) NOT NULL,
  `motif` text DEFAULT NULL,
  `adresse_ip` varchar(45) DEFAULT NULL,
  `date_modification` timestamp NOT NULL DEFAULT current_timestamp()
) ENGINE=InnoDB DEFAULT CHARSET=utf8mb4 COLLATE=utf8mb4_general_ci;

-- --------------------------------------------------------

--
-- Table structure for table `inscriptions_matieres`
--

CREATE TABLE `inscriptions_matieres` (
  `id` int(11) NOT NULL,
  `etudiant_id` int(11) NOT NULL,
  `matiere_id` int(11) NOT NULL,
  `periode_id` int(11) NOT NULL,
  `groupe` varchar(50) DEFAULT NULL,
  `dispense` tinyint(1) DEFAULT 0,
  `date_inscription` timestamp NOT NULL DEFAULT current_timestamp()
) ENGINE=InnoDB DEFAULT CHARSET=utf8mb4 COLLATE=utf8mb4_general_ci;

--
-- Dumping data for table `inscriptions_matieres`
--

INSERT INTO `inscriptions_matieres` (`id`, `etudiant_id`, `matiere_id`, `periode_id`, `groupe`, `dispense`, `date_inscription`) VALUES
(1, 5, 5, 1, NULL, 0, '2026-01-11 22:39:31'),
(2, 6, 4, 1, NULL, 0, '2026-01-12 16:38:12'),
(3, 7, 4, 1, NULL, 0, '2026-01-12 17:25:16'),
(4, 14, 4, 1, NULL, 0, '2026-01-12 17:25:31'),
(5, 13, 4, 1, NULL, 0, '2026-01-12 17:25:50'),
(6, 11, 4, 1, NULL, 0, '2026-01-12 17:26:04'),
(7, 12, 4, 1, NULL, 0, '2026-01-12 17:26:49'),
(8, 8, 4, 1, NULL, 0, '2026-01-12 17:27:17'),
(9, 10, 4, 1, NULL, 0, '2026-01-12 17:27:33'),
(10, 15, 4, 1, NULL, 0, '2026-01-12 19:47:52'),
(11, 5, 3, 1, NULL, 0, '2026-01-13 19:40:38'),
(12, 20, 3, 1, NULL, 0, '2026-01-13 19:40:46'),
(13, 7, 3, 1, NULL, 0, '2026-01-13 19:40:55'),
(14, 18, 3, 1, NULL, 0, '2026-01-13 19:41:04'),
(15, 19, 3, 1, NULL, 0, '2026-01-13 19:41:11'),
(17, 14, 3, 1, NULL, 0, '2026-01-13 19:41:30'),
(18, 21, 3, 1, NULL, 0, '2026-01-13 19:41:38'),
(19, 17, 3, 1, NULL, 0, '2026-01-13 19:41:46'),
(20, 13, 3, 1, NULL, 0, '2026-01-13 19:41:54'),
(21, 11, 3, 1, NULL, 0, '2026-01-13 19:42:04'),
(22, 12, 3, 1, NULL, 0, '2026-01-13 19:42:20'),
(23, 16, 3, 1, NULL, 0, '2026-01-13 19:42:28'),
(24, 15, 3, 1, NULL, 0, '2026-01-13 19:43:19'),
(25, 10, 3, 1, NULL, 0, '2026-01-13 19:43:31'),
(26, 6, 3, 1, NULL, 0, '2026-01-13 19:43:47'),
(27, 20, 5, 1, NULL, 0, '2026-01-13 20:02:07'),
(29, 7, 5, 1, NULL, 0, '2026-01-13 20:02:32'),
(30, 6, 5, 1, NULL, 0, '2026-01-13 20:02:46'),
(31, 17, 5, 1, NULL, 0, '2026-01-13 20:02:55'),
(32, 11, 5, 1, NULL, 0, '2026-01-13 20:03:06'),
(33, 16, 5, 1, NULL, 0, '2026-01-13 20:03:16'),
(34, 13, 5, 1, NULL, 0, '2026-01-13 20:03:25'),
(35, 10, 5, 1, NULL, 0, '2026-01-13 20:03:36'),
(36, 12, 5, 1, NULL, 0, '2026-01-13 20:03:45'),
(37, 15, 5, 1, NULL, 0, '2026-01-13 20:03:56'),
(38, 8, 5, 1, NULL, 0, '2026-01-13 20:05:08'),
(40, 14, 5, 1, NULL, 0, '2026-01-13 20:16:59'),
(45, 21, 5, 1, NULL, 0, '2026-01-13 20:18:07'),
(54, 5, 4, 1, NULL, 0, '2026-01-13 20:37:44'),
(57, 18, 5, 1, NULL, 0, '2026-01-13 20:39:28'),
(58, 20, 4, 1, NULL, 0, '2026-01-13 20:40:12'),
(59, 18, 4, 1, NULL, 0, '2026-01-13 20:40:20'),
(60, 19, 4, 1, NULL, 0, '2026-01-13 20:40:28'),
(62, 21, 4, 1, NULL, 0, '2026-01-13 20:40:43'),
(63, 17, 4, 1, NULL, 0, '2026-01-13 20:40:51'),
(65, 5, 1, 1, NULL, 0, '2026-01-13 20:55:11'),
(67, 20, 1, 1, NULL, 0, '2026-01-13 20:55:50'),
(68, 7, 1, 1, NULL, 0, '2026-01-13 20:55:57'),
(69, 18, 1, 1, NULL, 0, '2026-01-13 20:56:15'),
(70, 19, 1, 1, NULL, 0, '2026-01-13 20:56:23'),
(71, 14, 1, 1, NULL, 0, '2026-01-13 20:56:33'),
(74, 21, 1, 1, NULL, 0, '2026-01-13 20:56:54'),
(75, 17, 1, 1, NULL, 0, '2026-01-13 20:56:59'),
(76, 13, 1, 1, NULL, 0, '2026-01-13 20:57:07'),
(77, 11, 1, 1, NULL, 0, '2026-01-13 20:57:14'),
(78, 12, 1, 1, NULL, 0, '2026-01-13 20:57:19'),
(79, 16, 1, 1, NULL, 0, '2026-01-13 20:57:27'),
(80, 8, 1, 1, NULL, 0, '2026-01-13 20:57:48'),
(81, 10, 1, 1, NULL, 0, '2026-01-13 20:57:56'),
(82, 6, 1, 1, NULL, 0, '2026-01-13 20:58:01'),
(83, 5, 8, 1, NULL, 0, '2026-01-13 20:58:17'),
(84, 20, 8, 1, NULL, 0, '2026-01-13 20:58:25'),
(85, 7, 8, 1, NULL, 0, '2026-01-13 20:58:31'),
(86, 18, 8, 1, NULL, 0, '2026-01-13 20:58:40'),
(87, 19, 8, 1, NULL, 0, '2026-01-13 20:58:48'),
(88, 14, 8, 1, NULL, 0, '2026-01-13 20:58:56'),
(89, 21, 8, 1, NULL, 0, '2026-01-13 20:59:03'),
(90, 17, 8, 1, NULL, 0, '2026-01-13 20:59:10'),
(92, 13, 8, 1, NULL, 0, '2026-01-13 20:59:26'),
(93, 11, 8, 1, NULL, 0, '2026-01-13 20:59:35'),
(94, 12, 8, 1, NULL, 0, '2026-01-13 20:59:42'),
(95, 16, 8, 1, NULL, 0, '2026-01-13 20:59:47'),
(99, 8, 8, 1, NULL, 0, '2026-01-13 21:02:45'),
(100, 15, 8, 1, NULL, 0, '2026-01-13 21:03:36'),
(101, 10, 8, 1, NULL, 0, '2026-01-13 21:03:41'),
(102, 6, 8, 1, NULL, 0, '2026-01-13 21:03:47'),
(103, 6, 6, 1, NULL, 0, '2026-01-13 21:03:54'),
(104, 10, 6, 1, NULL, 0, '2026-01-13 21:03:59'),
(105, 15, 6, 1, NULL, 0, '2026-01-13 21:04:05'),
(106, 8, 6, 1, NULL, 0, '2026-01-13 21:04:12'),
(107, 16, 6, 1, NULL, 0, '2026-01-13 21:04:20'),
(108, 12, 6, 1, NULL, 0, '2026-01-13 21:05:58'),
(110, 11, 6, 1, NULL, 0, '2026-01-13 21:06:10'),
(111, 13, 6, 1, NULL, 0, '2026-01-13 21:06:16'),
(112, 17, 6, 1, NULL, 0, '2026-01-13 21:06:23'),
(113, 21, 6, 1, NULL, 0, '2026-01-13 21:06:29'),
(114, 14, 6, 1, NULL, 0, '2026-01-13 21:06:36'),
(115, 19, 6, 1, NULL, 0, '2026-01-13 21:06:42'),
(116, 18, 6, 1, NULL, 0, '2026-01-13 21:06:53'),
(118, 7, 6, 1, NULL, 0, '2026-01-13 21:07:11'),
(119, 20, 6, 1, NULL, 0, '2026-01-13 21:07:17'),
(120, 5, 6, 1, NULL, 0, '2026-01-13 21:07:25');

-- --------------------------------------------------------

--
-- Table structure for table `matieres`
--

CREATE TABLE `matieres` (
  `id` int(11) NOT NULL,
  `nom` varchar(150) NOT NULL,
  `code` varchar(50) DEFAULT NULL,
  `filiere_id` int(11) NOT NULL,
  `coefficient` decimal(3,1) DEFAULT 1.0,
  `seuil_validation` decimal(4,2) DEFAULT 10.00,
  `date_creation` timestamp NOT NULL DEFAULT current_timestamp()
) ENGINE=InnoDB DEFAULT CHARSET=utf8mb4 COLLATE=utf8mb4_general_ci;

--
-- Dumping data for table `matieres`
--

INSERT INTO `matieres` (`id`, `nom`, `code`, `filiere_id`, `coefficient`, `seuil_validation`, `date_creation`) VALUES
(1, 'Software engineering', NULL, 1, 1.0, 10.00, '2026-01-11 21:57:00'),
(3, 'Advanced Algorithmics', NULL, 1, 1.0, 10.00, '2026-01-11 21:58:33'),
(4, 'Secure Web Programming', NULL, 1, 1.0, 10.00, '2026-01-11 21:58:47'),
(5, 'Advanced Networking', NULL, 1, 1.0, 10.00, '2026-01-11 22:01:41'),
(6, 'Espagnole', NULL, 1, 1.0, 10.00, '2026-01-11 22:01:59'),
(7, 'Espagnole', NULL, 2, 1.0, 10.00, '2026-01-11 22:02:04'),
(8, 'Anglais', NULL, 1, 1.0, 10.00, '2026-01-11 22:02:27'),
(9, 'Anglais', NULL, 2, 1.0, 10.00, '2026-01-11 22:02:33');

-- --------------------------------------------------------

--
-- Table structure for table `moyennes`
--

CREATE TABLE `moyennes` (
  `id` int(11) NOT NULL,
  `etudiant_id` int(11) NOT NULL,
  `matiere_id` int(11) NOT NULL,
  `periode_id` int(11) NOT NULL,
  `moyenne` decimal(5,2) DEFAULT NULL,
  `rang` int(11) DEFAULT NULL,
  `decision` enum('valide','non_valide','rattrapage','en_attente') DEFAULT 'en_attente',
  `credits_obtenus` int(11) DEFAULT NULL,
  `date_calcul` timestamp NOT NULL DEFAULT current_timestamp(),
  `statut_validation` varchar(50) NOT NULL DEFAULT 'non_validée'
) ENGINE=InnoDB DEFAULT CHARSET=utf8mb4 COLLATE=utf8mb4_general_ci;

--
-- Dumping data for table `moyennes`
--

INSERT INTO `moyennes` (`id`, `etudiant_id`, `matiere_id`, `periode_id`, `moyenne`, `rang`, `decision`, `credits_obtenus`, `date_calcul`, `statut_validation`) VALUES
(1, 5, 5, 1, 15.40, NULL, 'valide', NULL, '2026-01-11 23:05:12', 'non_validée'),
(2, 6, 4, 1, 13.70, NULL, 'valide', NULL, '2026-01-12 17:04:37', 'non_validée'),
(3, 7, 4, 1, 20.00, NULL, 'valide', NULL, '2026-01-12 18:03:07', 'non_validée'),
(4, 14, 4, 1, 11.90, NULL, 'valide', NULL, '2026-01-12 18:03:07', 'non_validée'),
(5, 13, 4, 1, 0.00, NULL, 'non_valide', NULL, '2026-01-12 18:03:07', 'non_validée'),
(6, 11, 4, 1, 13.20, NULL, 'valide', NULL, '2026-01-12 18:03:07', 'non_validée'),
(7, 12, 4, 1, 11.60, NULL, 'valide', NULL, '2026-01-12 18:03:07', 'non_validée'),
(8, 8, 4, 1, 13.30, NULL, 'valide', NULL, '2026-01-12 18:03:08', 'non_validée'),
(9, 10, 4, 1, 11.30, NULL, 'valide', NULL, '2026-01-12 18:03:08', 'non_validée'),
(10, 15, 4, 1, 12.70, NULL, 'valide', NULL, '2026-01-12 19:53:57', 'non_validée'),
(11, 5, 3, 1, 15.20, NULL, 'valide', NULL, '2026-01-13 19:53:18', 'non_validée'),
(12, 20, 3, 1, 13.30, NULL, 'valide', NULL, '2026-01-13 19:53:18', 'non_validée'),
(13, 7, 3, 1, 16.60, NULL, 'valide', NULL, '2026-01-13 19:53:18', 'non_validée'),
(14, 18, 3, 1, 13.60, NULL, 'valide', NULL, '2026-01-13 19:53:18', 'non_validée'),
(15, 19, 3, 1, 17.30, NULL, 'valide', NULL, '2026-01-13 19:53:18', 'non_validée'),
(16, 14, 3, 1, 16.00, NULL, 'valide', NULL, '2026-01-13 19:53:18', 'non_validée'),
(17, 21, 3, 1, 14.30, NULL, 'valide', NULL, '2026-01-13 19:53:18', 'non_validée'),
(18, 17, 3, 1, 12.80, NULL, 'valide', NULL, '2026-01-13 19:53:18', 'non_validée'),
(19, 13, 3, 1, 15.50, NULL, 'valide', NULL, '2026-01-13 19:53:18', 'non_validée'),
(20, 11, 3, 1, 16.30, NULL, 'valide', NULL, '2026-01-13 19:53:18', 'non_validée'),
(21, 12, 3, 1, 13.30, NULL, 'valide', NULL, '2026-01-13 19:53:18', 'non_validée'),
(22, 16, 3, 1, 14.10, NULL, 'valide', NULL, '2026-01-13 19:53:18', 'non_validée'),
(23, 15, 3, 1, 16.30, NULL, 'valide', NULL, '2026-01-13 19:53:18', 'non_validée'),
(24, 10, 3, 1, 14.00, NULL, 'valide', NULL, '2026-01-13 19:53:18', 'non_validée'),
(25, 6, 3, 1, 15.10, NULL, 'valide', NULL, '2026-01-13 19:53:18', 'non_validée'),
(26, 20, 5, 1, 12.50, NULL, 'valide', NULL, '2026-01-13 20:14:24', 'non_validée'),
(27, 7, 5, 1, 15.10, NULL, 'valide', NULL, '2026-01-13 20:14:24', 'non_validée'),
(28, 6, 5, 1, 12.40, NULL, 'valide', NULL, '2026-01-13 20:14:24', 'non_validée'),
(29, 17, 5, 1, 13.60, NULL, 'valide', NULL, '2026-01-13 20:14:24', 'non_validée'),
(30, 11, 5, 1, 15.80, NULL, 'valide', NULL, '2026-01-13 20:14:24', 'non_validée'),
(31, 16, 5, 1, 16.10, NULL, 'valide', NULL, '2026-01-13 20:14:24', 'non_validée'),
(32, 13, 5, 1, 13.50, NULL, 'valide', NULL, '2026-01-13 20:14:24', 'non_validée'),
(33, 10, 5, 1, 13.10, NULL, 'valide', NULL, '2026-01-13 20:14:24', 'non_validée'),
(34, 12, 5, 1, 15.50, NULL, 'valide', NULL, '2026-01-13 20:14:24', 'non_validée'),
(35, 15, 5, 1, 13.40, NULL, 'valide', NULL, '2026-01-13 20:14:24', 'non_validée'),
(36, 8, 5, 1, 17.00, NULL, 'valide', NULL, '2026-01-13 20:14:24', 'non_validée'),
(37, 14, 5, 1, 13.20, NULL, 'valide', NULL, '2026-01-13 20:21:49', 'non_validée'),
(38, 21, 5, 1, 14.60, NULL, 'valide', NULL, '2026-01-13 20:21:49', 'non_validée'),
(39, 18, 5, 1, 12.50, NULL, 'valide', NULL, '2026-01-13 20:43:36', 'non_validée'),
(40, 5, 4, 1, 9.80, NULL, 'rattrapage', NULL, '2026-01-13 20:45:19', 'non_validée'),
(41, 20, 4, 1, 11.40, NULL, 'valide', NULL, '2026-01-13 20:45:19', 'non_validée'),
(42, 18, 4, 1, 15.80, NULL, 'valide', NULL, '2026-01-13 20:45:19', 'non_validée'),
(43, 19, 4, 1, 12.50, NULL, 'valide', NULL, '2026-01-13 20:45:19', 'non_validée'),
(44, 21, 4, 1, 12.30, NULL, 'valide', NULL, '2026-01-13 20:45:19', 'non_validée'),
(45, 17, 4, 1, 12.80, NULL, 'valide', NULL, '2026-01-13 20:45:19', 'non_validée'),
(46, 5, 1, 1, 10.20, NULL, 'valide', NULL, '2026-01-13 21:17:33', 'non_validée'),
(47, 20, 1, 1, 6.00, NULL, 'non_valide', NULL, '2026-01-13 21:17:33', 'non_validée'),
(48, 7, 1, 1, 20.00, NULL, 'valide', NULL, '2026-01-13 21:17:33', 'non_validée'),
(49, 18, 1, 1, 9.20, NULL, 'rattrapage', NULL, '2026-01-13 21:17:33', 'non_validée'),
(50, 19, 1, 1, 9.70, NULL, 'rattrapage', NULL, '2026-01-13 21:17:33', 'non_validée'),
(51, 14, 1, 1, 6.00, NULL, 'non_valide', NULL, '2026-01-13 21:17:33', 'non_validée'),
(52, 21, 1, 1, 12.50, NULL, 'valide', NULL, '2026-01-13 21:17:33', 'non_validée'),
(53, 17, 1, 1, 12.50, NULL, 'valide', NULL, '2026-01-13 21:17:33', 'non_validée'),
(54, 13, 1, 1, 6.00, NULL, 'non_valide', NULL, '2026-01-13 21:17:33', 'non_validée'),
(55, 11, 1, 1, 12.10, NULL, 'valide', NULL, '2026-01-13 21:17:33', 'non_validée'),
(56, 12, 1, 1, 8.60, NULL, 'rattrapage', NULL, '2026-01-13 21:17:33', 'non_validée'),
(57, 16, 1, 1, 15.50, NULL, 'valide', NULL, '2026-01-13 21:17:33', 'non_validée'),
(58, 8, 1, 1, 16.70, NULL, 'valide', NULL, '2026-01-13 21:17:33', 'non_validée'),
(59, 10, 1, 1, 15.60, NULL, 'valide', NULL, '2026-01-13 21:17:33', 'non_validée'),
(60, 6, 1, 1, 20.00, NULL, 'valide', NULL, '2026-01-13 21:17:33', 'non_validée'),
(61, 6, 6, 1, 18.60, NULL, 'en_attente', NULL, '2026-01-14 12:14:52', 'non_validée'),
(62, 10, 6, 1, 18.00, NULL, 'en_attente', NULL, '2026-01-14 12:14:52', 'non_validée'),
(63, 15, 6, 1, 11.80, NULL, 'en_attente', NULL, '2026-01-14 12:14:52', 'non_validée'),
(64, 8, 6, 1, 16.40, NULL, 'en_attente', NULL, '2026-01-14 12:14:52', 'non_validée'),
(65, 16, 6, 1, 13.60, NULL, 'en_attente', NULL, '2026-01-14 12:14:52', 'non_validée'),
(66, 12, 6, 1, 20.00, NULL, 'en_attente', NULL, '2026-01-14 12:14:52', 'non_validée'),
(67, 11, 6, 1, 0.00, NULL, 'en_attente', NULL, '2026-01-14 12:14:52', 'non_validée'),
(68, 13, 6, 1, 14.60, NULL, 'en_attente', NULL, '2026-01-14 12:14:52', 'non_validée'),
(69, 17, 6, 1, 12.60, NULL, 'en_attente', NULL, '2026-01-14 12:14:52', 'non_validée'),
(70, 21, 6, 1, 15.00, NULL, 'en_attente', NULL, '2026-01-14 12:14:52', 'non_validée'),
(71, 14, 6, 1, 15.00, NULL, 'en_attente', NULL, '2026-01-14 12:14:52', 'non_validée'),
(72, 19, 6, 1, 13.40, NULL, 'en_attente', NULL, '2026-01-14 12:14:52', 'non_validée'),
(73, 18, 6, 1, 13.40, NULL, 'en_attente', NULL, '2026-01-14 12:14:52', 'non_validée'),
(74, 7, 6, 1, 16.60, NULL, 'en_attente', NULL, '2026-01-14 12:14:52', 'non_validée'),
(75, 20, 6, 1, 15.80, NULL, 'en_attente', NULL, '2026-01-14 12:14:52', 'non_validée'),
(76, 5, 6, 1, 12.60, NULL, 'en_attente', NULL, '2026-01-14 12:14:52', 'non_validée'),
(77, 5, 8, 1, 5.00, NULL, 'en_attente', NULL, '2026-01-14 13:00:36', 'non_validée'),
(78, 20, 8, 1, 11.60, NULL, 'en_attente', NULL, '2026-01-14 13:00:36', 'non_validée'),
(79, 7, 8, 1, 17.20, NULL, 'en_attente', NULL, '2026-01-14 13:00:36', 'non_validée'),
(80, 18, 8, 1, 11.60, NULL, 'en_attente', NULL, '2026-01-14 13:00:36', 'non_validée'),
(81, 19, 8, 1, 17.80, NULL, 'en_attente', NULL, '2026-01-14 13:00:36', 'non_validée'),
(82, 14, 8, 1, 15.00, NULL, 'en_attente', NULL, '2026-01-14 13:00:36', 'non_validée'),
(83, 21, 8, 1, 19.00, NULL, 'en_attente', NULL, '2026-01-14 13:00:36', 'non_validée'),
(84, 17, 8, 1, 13.60, NULL, 'en_attente', NULL, '2026-01-14 13:00:36', 'non_validée'),
(85, 13, 8, 1, 5.00, NULL, 'en_attente', NULL, '2026-01-14 13:00:36', 'non_validée'),
(86, 11, 8, 1, 0.00, NULL, 'en_attente', NULL, '2026-01-14 13:00:36', 'non_validée'),
(87, 12, 8, 1, 11.00, NULL, 'en_attente', NULL, '2026-01-14 13:00:36', 'non_validée'),
(88, 16, 8, 1, 16.40, NULL, 'en_attente', NULL, '2026-01-14 13:00:36', 'non_validée'),
(89, 8, 8, 1, 15.40, NULL, 'en_attente', NULL, '2026-01-14 13:00:36', 'non_validée'),
(90, 15, 8, 1, 14.00, NULL, 'en_attente', NULL, '2026-01-14 13:00:36', 'non_validée'),
(91, 10, 8, 1, 14.60, NULL, 'en_attente', NULL, '2026-01-14 13:00:36', 'non_validée'),
(92, 6, 8, 1, 20.00, NULL, 'en_attente', NULL, '2026-01-14 13:00:36', 'non_validée');

-- --------------------------------------------------------

--
-- Table structure for table `notes`
--

CREATE TABLE `notes` (
  `id` int(11) NOT NULL,
  `etudiant_id` int(11) NOT NULL,
  `colonne_id` int(11) NOT NULL,
  `valeur` decimal(5,2) DEFAULT NULL,
  `statut` enum('saisie','absent','dispense','defaillant') DEFAULT 'saisie',
  `saisi_par` int(11) NOT NULL,
  `date_saisie` timestamp NOT NULL DEFAULT current_timestamp(),
  `date_modification` timestamp NOT NULL DEFAULT current_timestamp() ON UPDATE current_timestamp()
) ENGINE=InnoDB DEFAULT CHARSET=utf8mb4 COLLATE=utf8mb4_general_ci;

--
-- Dumping data for table `notes`
--

INSERT INTO `notes` (`id`, `etudiant_id`, `colonne_id`, `valeur`, `statut`, `saisi_par`, `date_saisie`, `date_modification`) VALUES
(1, 5, 1, 15.00, 'saisie', 3, '2026-01-11 22:43:55', '2026-01-11 22:43:55'),
(2, 5, 2, 13.00, 'saisie', 3, '2026-01-11 22:43:55', '2026-01-11 22:43:55'),
(3, 6, 6, 14.00, 'saisie', 3, '2026-01-12 17:10:10', '2026-01-12 17:10:10'),
(4, 6, 7, 11.00, 'saisie', 3, '2026-01-12 17:10:10', '2026-01-12 17:10:10'),
(5, 6, 8, 16.00, 'saisie', 3, '2026-01-12 17:10:10', '2026-01-12 17:10:10'),
(6, 6, 9, 6.00, 'saisie', 3, '2026-01-12 17:10:10', '2026-01-12 17:10:10'),
(7, 6, 10, 10.00, 'saisie', 3, '2026-01-12 17:10:10', '2026-01-12 17:10:10'),
(8, 7, 6, 20.00, 'saisie', 3, '2026-01-12 17:28:18', '2026-01-12 17:28:18'),
(9, 7, 7, 20.00, 'saisie', 3, '2026-01-12 17:33:56', '2026-01-12 17:33:56'),
(10, 7, 8, 20.00, 'saisie', 3, '2026-01-12 17:33:56', '2026-01-12 17:33:56'),
(11, 7, 9, 20.00, 'saisie', 3, '2026-01-12 17:33:56', '2026-01-12 17:33:56'),
(12, 7, 10, 20.00, 'saisie', 3, '2026-01-12 17:33:56', '2026-01-12 17:33:56'),
(13, 14, 6, 5.00, 'saisie', 3, '2026-01-12 17:33:56', '2026-01-12 17:33:56'),
(14, 14, 7, 12.00, 'saisie', 3, '2026-01-12 17:33:56', '2026-01-12 17:33:56'),
(15, 14, 8, 17.00, 'saisie', 3, '2026-01-12 17:33:56', '2026-01-12 17:33:56'),
(16, 14, 9, 0.00, 'saisie', 3, '2026-01-12 17:33:56', '2026-01-12 17:33:56'),
(17, 14, 10, 0.00, 'saisie', 3, '2026-01-12 17:33:56', '2026-01-12 17:33:56'),
(18, 13, 6, 0.00, 'saisie', 3, '2026-01-12 17:33:56', '2026-01-12 17:33:56'),
(19, 13, 7, 0.00, 'saisie', 3, '2026-01-12 17:33:56', '2026-01-12 17:33:56'),
(20, 13, 8, 0.00, 'saisie', 3, '2026-01-12 17:33:56', '2026-01-12 17:33:56'),
(21, 13, 9, 0.00, 'saisie', 3, '2026-01-12 17:33:56', '2026-01-12 17:33:56'),
(22, 13, 10, 0.00, 'saisie', 3, '2026-01-12 17:33:56', '2026-01-12 17:33:56'),
(23, 11, 6, 18.00, 'saisie', 3, '2026-01-12 17:33:56', '2026-01-12 17:33:56'),
(24, 11, 7, 19.00, 'saisie', 3, '2026-01-12 17:33:56', '2026-01-12 17:33:56'),
(25, 11, 8, 12.00, 'saisie', 3, '2026-01-12 17:33:56', '2026-01-12 17:33:56'),
(26, 11, 9, 13.00, 'saisie', 3, '2026-01-12 17:33:56', '2026-01-12 17:33:56'),
(27, 11, 10, 10.00, 'saisie', 3, '2026-01-12 17:33:56', '2026-01-12 17:33:56'),
(28, 12, 6, 5.00, 'saisie', 3, '2026-01-12 17:33:56', '2026-01-12 17:33:56'),
(29, 12, 7, 9.00, 'saisie', 3, '2026-01-12 17:33:56', '2026-01-12 17:33:56'),
(30, 12, 8, 13.00, 'saisie', 3, '2026-01-12 17:33:56', '2026-01-12 17:33:56'),
(31, 12, 9, 6.00, 'saisie', 3, '2026-01-12 17:33:56', '2026-01-12 17:33:56'),
(32, 12, 10, 18.00, 'saisie', 3, '2026-01-12 17:33:56', '2026-01-12 17:33:56'),
(33, 8, 6, 16.00, 'saisie', 3, '2026-01-12 17:33:56', '2026-01-12 17:33:56'),
(34, 8, 7, 17.00, 'saisie', 3, '2026-01-12 17:33:56', '2026-01-12 17:33:56'),
(35, 8, 8, 15.00, 'saisie', 3, '2026-01-12 17:33:56', '2026-01-12 17:33:56'),
(36, 8, 9, 2.00, 'saisie', 3, '2026-01-12 17:33:56', '2026-01-12 17:33:56'),
(37, 8, 10, 8.00, 'saisie', 3, '2026-01-12 17:33:56', '2026-01-12 17:33:56'),
(38, 10, 6, 20.00, 'saisie', 3, '2026-01-12 17:33:56', '2026-01-12 17:33:56'),
(39, 10, 7, 13.00, 'saisie', 3, '2026-01-12 17:33:56', '2026-01-12 17:33:56'),
(40, 10, 8, 8.00, 'saisie', 3, '2026-01-12 17:33:56', '2026-01-12 17:33:56'),
(41, 10, 9, 15.00, 'saisie', 3, '2026-01-12 17:33:56', '2026-01-12 17:33:56'),
(42, 10, 10, 17.00, 'saisie', 3, '2026-01-12 17:33:56', '2026-01-12 17:33:56'),
(43, 15, 6, 12.00, 'saisie', 3, '2026-01-12 19:53:31', '2026-01-12 19:53:31'),
(44, 15, 7, 9.00, 'saisie', 3, '2026-01-12 19:53:31', '2026-01-12 19:53:31'),
(45, 15, 8, 13.00, 'saisie', 3, '2026-01-12 19:53:31', '2026-01-12 19:53:31'),
(46, 15, 9, 11.00, 'saisie', 3, '2026-01-12 19:53:31', '2026-01-12 19:53:31'),
(47, 15, 10, 17.00, 'saisie', 3, '2026-01-12 19:53:31', '2026-01-12 19:53:31'),
(48, 5, 3, 13.00, 'saisie', 3, '2026-01-13 19:58:54', '2026-01-13 19:58:54'),
(49, 5, 5, 15.00, 'saisie', 3, '2026-01-13 19:58:54', '2026-01-13 19:58:54'),
(50, 5, 11, 11.00, 'saisie', 3, '2026-01-13 19:58:54', '2026-01-13 19:58:54'),
(51, 5, 12, 17.00, 'saisie', 3, '2026-01-13 19:58:54', '2026-01-13 19:58:54'),
(52, 20, 3, 12.00, 'saisie', 3, '2026-01-13 19:58:54', '2026-01-13 19:58:54'),
(53, 20, 5, 11.00, 'saisie', 3, '2026-01-13 19:58:54', '2026-01-13 19:58:54'),
(54, 20, 11, 16.00, 'saisie', 3, '2026-01-13 19:58:54', '2026-01-13 19:58:54'),
(55, 20, 12, 13.00, 'saisie', 3, '2026-01-13 19:58:54', '2026-01-13 19:58:54'),
(56, 7, 3, 16.00, 'saisie', 3, '2026-01-13 19:58:54', '2026-01-13 19:58:54'),
(57, 7, 5, 10.00, 'saisie', 3, '2026-01-13 19:58:54', '2026-01-13 19:58:54'),
(58, 7, 11, 16.00, 'saisie', 3, '2026-01-13 19:58:54', '2026-01-13 19:58:54'),
(59, 7, 12, 18.00, 'saisie', 3, '2026-01-13 19:58:54', '2026-01-13 19:58:54'),
(60, 18, 3, 19.00, 'saisie', 3, '2026-01-13 19:58:54', '2026-01-13 19:58:54'),
(61, 18, 5, 17.00, 'saisie', 3, '2026-01-13 19:58:54', '2026-01-13 19:58:54'),
(62, 18, 11, 14.00, 'saisie', 3, '2026-01-13 19:58:54', '2026-01-13 19:58:54'),
(63, 18, 12, 12.00, 'saisie', 3, '2026-01-13 19:58:54', '2026-01-13 19:58:54'),
(64, 19, 3, 14.00, 'saisie', 3, '2026-01-13 19:58:54', '2026-01-13 19:58:54'),
(65, 19, 5, 13.00, 'saisie', 3, '2026-01-13 19:58:54', '2026-01-13 19:58:54'),
(66, 19, 11, 19.00, 'saisie', 3, '2026-01-13 19:58:54', '2026-01-13 19:58:54'),
(67, 19, 12, 18.00, 'saisie', 3, '2026-01-13 19:58:54', '2026-01-13 19:58:54'),
(68, 14, 3, 9.00, 'saisie', 3, '2026-01-13 19:58:54', '2026-01-13 19:58:54'),
(69, 14, 5, 13.00, 'saisie', 3, '2026-01-13 19:58:54', '2026-01-13 19:58:54'),
(70, 14, 11, 15.00, 'saisie', 3, '2026-01-13 19:58:54', '2026-01-13 19:58:54'),
(71, 14, 12, 18.00, 'saisie', 3, '2026-01-13 19:58:54', '2026-01-13 19:58:54'),
(72, 21, 3, 17.00, 'saisie', 3, '2026-01-13 19:58:54', '2026-01-13 19:58:54'),
(73, 21, 5, 18.00, 'saisie', 3, '2026-01-13 19:58:54', '2026-01-13 19:58:54'),
(74, 21, 11, 12.00, 'saisie', 3, '2026-01-13 19:58:54', '2026-01-13 19:58:54'),
(75, 21, 12, 14.00, 'saisie', 3, '2026-01-13 19:58:54', '2026-01-13 19:58:54'),
(76, 17, 3, 15.00, 'saisie', 3, '2026-01-13 19:58:54', '2026-01-13 19:58:54'),
(77, 17, 5, 15.00, 'saisie', 3, '2026-01-13 19:58:54', '2026-01-13 19:58:54'),
(78, 17, 11, 13.00, 'saisie', 3, '2026-01-13 19:58:54', '2026-01-13 19:58:54'),
(79, 17, 12, 12.00, 'saisie', 3, '2026-01-13 19:58:54', '2026-01-13 19:58:54'),
(80, 13, 3, 13.00, 'saisie', 3, '2026-01-13 19:58:54', '2026-01-13 19:58:54'),
(81, 13, 5, 18.00, 'saisie', 3, '2026-01-13 19:58:54', '2026-01-13 19:58:54'),
(82, 13, 11, 17.00, 'saisie', 3, '2026-01-13 19:58:54', '2026-01-13 19:58:54'),
(83, 13, 12, 15.00, 'saisie', 3, '2026-01-13 19:58:54', '2026-01-13 19:58:54'),
(84, 11, 3, 12.00, 'saisie', 3, '2026-01-13 19:58:54', '2026-01-13 19:58:54'),
(85, 11, 5, 19.00, 'saisie', 3, '2026-01-13 19:58:54', '2026-01-13 19:58:54'),
(86, 11, 11, 18.00, 'saisie', 3, '2026-01-13 19:58:54', '2026-01-13 19:58:54'),
(87, 11, 12, 16.00, 'saisie', 3, '2026-01-13 19:58:54', '2026-01-13 19:58:54'),
(88, 12, 3, 11.00, 'saisie', 3, '2026-01-13 19:58:54', '2026-01-13 19:58:54'),
(89, 12, 5, 14.00, 'saisie', 3, '2026-01-13 19:58:54', '2026-01-13 19:58:54'),
(90, 12, 11, 12.00, 'saisie', 3, '2026-01-13 19:58:54', '2026-01-13 19:58:54'),
(91, 12, 12, 14.00, 'saisie', 3, '2026-01-13 19:58:54', '2026-01-13 19:58:54'),
(92, 16, 3, 16.00, 'saisie', 3, '2026-01-13 19:58:54', '2026-01-13 19:58:54'),
(93, 16, 5, 13.00, 'saisie', 3, '2026-01-13 19:58:54', '2026-01-13 19:58:54'),
(94, 16, 11, 14.00, 'saisie', 3, '2026-01-13 19:58:54', '2026-01-13 19:58:54'),
(95, 16, 12, 14.00, 'saisie', 3, '2026-01-13 19:58:54', '2026-01-13 19:58:54'),
(96, 15, 3, 17.00, 'saisie', 3, '2026-01-13 19:58:54', '2026-01-13 19:58:54'),
(97, 15, 5, 14.00, 'saisie', 3, '2026-01-13 19:58:54', '2026-01-13 19:58:54'),
(98, 15, 11, 18.00, 'saisie', 3, '2026-01-13 19:58:54', '2026-01-13 19:58:54'),
(99, 15, 12, 16.00, 'saisie', 3, '2026-01-13 19:58:54', '2026-01-13 19:58:54'),
(100, 10, 3, 19.00, 'saisie', 3, '2026-01-13 19:58:54', '2026-01-13 19:58:54'),
(101, 10, 5, 13.00, 'saisie', 3, '2026-01-13 19:58:54', '2026-01-13 19:58:54'),
(102, 10, 11, 12.00, 'saisie', 3, '2026-01-13 19:58:54', '2026-01-13 19:58:54'),
(103, 10, 12, 14.00, 'saisie', 3, '2026-01-13 19:58:54', '2026-01-13 19:58:54'),
(104, 6, 3, 15.00, 'saisie', 3, '2026-01-13 19:58:54', '2026-01-13 19:58:54'),
(105, 6, 5, 18.00, 'saisie', 3, '2026-01-13 19:58:54', '2026-01-13 19:58:54'),
(106, 6, 11, 11.00, 'saisie', 3, '2026-01-13 19:58:54', '2026-01-13 19:58:54'),
(107, 6, 12, 16.00, 'saisie', 3, '2026-01-13 19:58:54', '2026-01-13 19:58:54'),
(108, 5, 14, 15.00, 'saisie', 3, '2026-01-13 20:14:15', '2026-01-13 20:14:15'),
(109, 5, 15, 16.00, 'saisie', 3, '2026-01-13 20:14:15', '2026-01-13 20:14:15'),
(110, 20, 1, 12.00, 'saisie', 3, '2026-01-13 20:14:15', '2026-01-13 20:14:15'),
(111, 20, 2, 13.00, 'saisie', 3, '2026-01-13 20:14:15', '2026-01-13 20:14:15'),
(112, 20, 14, 14.00, 'saisie', 3, '2026-01-13 20:14:15', '2026-01-13 20:14:15'),
(113, 20, 15, 12.00, 'saisie', 3, '2026-01-13 20:14:15', '2026-01-13 20:14:15'),
(114, 7, 1, 14.00, 'saisie', 3, '2026-01-13 20:14:15', '2026-01-13 20:14:15'),
(115, 7, 2, 15.00, 'saisie', 3, '2026-01-13 20:14:15', '2026-01-13 20:14:15'),
(116, 7, 14, 16.00, 'saisie', 3, '2026-01-13 20:14:15', '2026-01-13 20:14:15'),
(117, 7, 15, 15.00, 'saisie', 3, '2026-01-13 20:14:15', '2026-01-13 20:14:15'),
(118, 17, 1, 16.00, 'saisie', 3, '2026-01-13 20:14:15', '2026-01-13 20:14:15'),
(119, 17, 2, 16.00, 'saisie', 3, '2026-01-13 20:14:15', '2026-01-13 20:14:15'),
(120, 17, 14, 16.00, 'saisie', 3, '2026-01-13 20:14:15', '2026-01-13 20:14:15'),
(121, 17, 15, 12.00, 'saisie', 3, '2026-01-13 20:14:15', '2026-01-13 20:14:15'),
(122, 13, 1, 16.00, 'saisie', 3, '2026-01-13 20:14:15', '2026-01-13 20:14:15'),
(123, 13, 2, 17.00, 'saisie', 3, '2026-01-13 20:14:15', '2026-01-13 20:14:15'),
(124, 13, 14, 12.00, 'saisie', 3, '2026-01-13 20:14:15', '2026-01-13 20:14:15'),
(125, 13, 15, 13.00, 'saisie', 3, '2026-01-13 20:14:15', '2026-01-13 20:14:15'),
(126, 11, 1, 12.00, 'saisie', 3, '2026-01-13 20:14:15', '2026-01-13 20:14:15'),
(127, 11, 2, 18.00, 'saisie', 3, '2026-01-13 20:14:15', '2026-01-13 20:14:15'),
(128, 11, 14, 16.00, 'saisie', 3, '2026-01-13 20:14:15', '2026-01-13 20:14:15'),
(129, 11, 15, 16.00, 'saisie', 3, '2026-01-13 20:14:15', '2026-01-13 20:14:15'),
(130, 12, 1, 11.00, 'saisie', 3, '2026-01-13 20:14:15', '2026-01-13 20:14:15'),
(131, 12, 2, 14.00, 'saisie', 3, '2026-01-13 20:14:15', '2026-01-13 20:14:15'),
(132, 12, 14, 17.00, 'saisie', 3, '2026-01-13 20:14:15', '2026-01-13 20:14:15'),
(133, 12, 15, 16.00, 'saisie', 3, '2026-01-13 20:14:15', '2026-01-13 20:14:15'),
(134, 16, 1, 17.00, 'saisie', 3, '2026-01-13 20:14:15', '2026-01-13 20:14:15'),
(135, 16, 2, 16.00, 'saisie', 3, '2026-01-13 20:14:15', '2026-01-13 20:14:15'),
(136, 16, 14, 19.00, 'saisie', 3, '2026-01-13 20:14:15', '2026-01-13 20:14:15'),
(137, 16, 15, 15.00, 'saisie', 3, '2026-01-13 20:14:15', '2026-01-13 20:14:15'),
(138, 8, 1, 14.00, 'saisie', 3, '2026-01-13 20:14:15', '2026-01-13 20:14:15'),
(139, 8, 2, 16.00, 'saisie', 3, '2026-01-13 20:14:15', '2026-01-13 20:14:15'),
(140, 8, 14, 16.00, 'saisie', 3, '2026-01-13 20:14:15', '2026-01-13 20:14:15'),
(141, 8, 15, 18.00, 'saisie', 3, '2026-01-13 20:14:15', '2026-01-13 20:14:15'),
(142, 15, 1, 13.00, 'saisie', 3, '2026-01-13 20:14:15', '2026-01-13 20:14:15'),
(143, 15, 2, 15.00, 'saisie', 3, '2026-01-13 20:14:15', '2026-01-13 20:14:15'),
(144, 15, 14, 11.00, 'saisie', 3, '2026-01-13 20:14:15', '2026-01-13 20:14:15'),
(145, 15, 15, 14.00, 'saisie', 3, '2026-01-13 20:14:15', '2026-01-13 20:14:15'),
(146, 10, 1, 11.00, 'saisie', 3, '2026-01-13 20:14:15', '2026-01-13 20:14:15'),
(147, 10, 2, 14.00, 'saisie', 3, '2026-01-13 20:14:15', '2026-01-13 20:14:15'),
(148, 10, 14, 11.00, 'saisie', 3, '2026-01-13 20:14:15', '2026-01-13 20:14:15'),
(149, 10, 15, 14.00, 'saisie', 3, '2026-01-13 20:14:15', '2026-01-13 20:14:15'),
(150, 6, 1, 15.00, 'saisie', 3, '2026-01-13 20:14:15', '2026-01-13 20:14:15'),
(151, 6, 2, 17.00, 'saisie', 3, '2026-01-13 20:14:15', '2026-01-13 20:14:15'),
(152, 6, 14, 10.00, 'saisie', 3, '2026-01-13 20:14:15', '2026-01-13 20:14:15'),
(153, 6, 15, 12.00, 'saisie', 3, '2026-01-13 20:14:15', '2026-01-13 20:14:15'),
(154, 14, 1, 15.00, 'saisie', 3, '2026-01-13 20:21:39', '2026-01-13 20:21:39'),
(155, 14, 2, 17.00, 'saisie', 3, '2026-01-13 20:21:39', '2026-01-13 20:21:39'),
(156, 14, 14, 11.00, 'saisie', 3, '2026-01-13 20:21:39', '2026-01-13 20:21:39'),
(157, 14, 15, 13.00, 'saisie', 3, '2026-01-13 20:21:39', '2026-01-13 20:21:39'),
(158, 21, 1, 11.00, 'saisie', 3, '2026-01-13 20:21:39', '2026-01-13 20:21:39'),
(159, 21, 2, 13.00, 'saisie', 3, '2026-01-13 20:21:39', '2026-01-13 20:21:39'),
(160, 21, 14, 13.00, 'saisie', 3, '2026-01-13 20:21:39', '2026-01-13 20:21:39'),
(161, 21, 15, 16.00, 'saisie', 3, '2026-01-13 20:21:39', '2026-01-13 20:21:39'),
(162, 18, 1, 12.00, 'saisie', 3, '2026-01-13 20:43:06', '2026-01-13 20:43:06'),
(163, 18, 2, 7.00, 'saisie', 3, '2026-01-13 20:43:26', '2026-01-13 20:43:26'),
(164, 18, 14, 17.00, 'saisie', 3, '2026-01-13 20:43:26', '2026-01-13 20:43:26'),
(165, 18, 15, 12.00, 'saisie', 3, '2026-01-13 20:43:26', '2026-01-13 20:43:26'),
(166, 5, 6, 12.00, 'saisie', 3, '2026-01-13 20:45:13', '2026-01-13 20:45:13'),
(167, 5, 7, 4.00, 'saisie', 3, '2026-01-13 20:45:13', '2026-01-13 20:45:13'),
(168, 5, 8, 9.00, 'saisie', 3, '2026-01-13 20:45:13', '2026-01-13 20:45:13'),
(169, 5, 9, 14.00, 'saisie', 3, '2026-01-13 20:45:13', '2026-01-13 20:45:13'),
(170, 5, 10, 14.00, 'saisie', 3, '2026-01-13 20:45:13', '2026-01-13 20:45:13'),
(171, 20, 6, 0.00, 'saisie', 3, '2026-01-13 20:45:13', '2026-01-13 20:45:13'),
(172, 20, 7, 12.00, 'saisie', 3, '2026-01-13 20:45:13', '2026-01-13 20:45:13'),
(173, 20, 8, 17.00, 'saisie', 3, '2026-01-13 20:45:13', '2026-01-13 20:45:13'),
(174, 20, 9, 0.00, 'saisie', 3, '2026-01-13 20:45:13', '2026-01-13 20:45:13'),
(175, 20, 10, 0.00, 'saisie', 3, '2026-01-13 20:45:13', '2026-01-13 20:45:13'),
(176, 18, 6, 16.00, 'saisie', 3, '2026-01-13 20:45:13', '2026-01-13 20:45:13'),
(177, 18, 7, 14.00, 'saisie', 3, '2026-01-13 20:45:13', '2026-01-13 20:45:13'),
(178, 18, 8, 17.00, 'saisie', 3, '2026-01-13 20:45:13', '2026-01-13 20:45:13'),
(179, 18, 9, 15.00, 'saisie', 3, '2026-01-13 20:45:13', '2026-01-13 20:45:13'),
(180, 18, 10, 11.00, 'saisie', 3, '2026-01-13 20:45:13', '2026-01-13 20:45:13'),
(181, 19, 6, 11.00, 'saisie', 3, '2026-01-13 20:45:13', '2026-01-13 20:45:13'),
(182, 19, 7, 10.00, 'saisie', 3, '2026-01-13 20:45:13', '2026-01-13 20:45:13'),
(183, 19, 8, 14.00, 'saisie', 3, '2026-01-13 20:45:13', '2026-01-13 20:45:13'),
(184, 19, 9, 8.00, 'saisie', 3, '2026-01-13 20:45:13', '2026-01-13 20:45:13'),
(185, 19, 10, 12.00, 'saisie', 3, '2026-01-13 20:45:13', '2026-01-13 20:45:13'),
(186, 21, 6, 12.00, 'saisie', 3, '2026-01-13 20:45:13', '2026-01-13 20:45:13'),
(187, 21, 7, 3.00, 'saisie', 3, '2026-01-13 20:45:13', '2026-01-13 20:45:13'),
(188, 21, 8, 13.00, 'saisie', 3, '2026-01-13 20:45:13', '2026-01-13 20:45:13'),
(189, 21, 9, 16.00, 'saisie', 3, '2026-01-13 20:45:13', '2026-01-13 20:45:13'),
(190, 21, 10, 14.00, 'saisie', 3, '2026-01-13 20:45:13', '2026-01-13 20:45:13'),
(191, 17, 6, 20.00, 'saisie', 3, '2026-01-13 20:45:13', '2026-01-13 20:45:13'),
(192, 17, 7, 6.00, 'saisie', 3, '2026-01-13 20:45:13', '2026-01-13 20:45:13'),
(193, 17, 8, 17.00, 'saisie', 3, '2026-01-13 20:45:13', '2026-01-13 20:45:13'),
(194, 17, 9, 0.00, 'saisie', 3, '2026-01-13 20:45:13', '2026-01-13 20:45:13'),
(195, 17, 10, 0.00, 'saisie', 3, '2026-01-13 20:45:13', '2026-01-13 20:45:13'),
(196, 5, 16, 12.00, 'saisie', 3, '2026-01-13 21:23:58', '2026-01-13 21:23:58'),
(197, 5, 17, 11.00, 'saisie', 3, '2026-01-13 21:23:58', '2026-01-13 21:23:58'),
(198, 5, 18, 3.00, 'saisie', 3, '2026-01-13 21:23:58', '2026-01-13 21:23:58'),
(199, 5, 19, 4.00, 'saisie', 3, '2026-01-13 21:23:58', '2026-01-13 21:23:58'),
(200, 5, 20, 12.00, 'saisie', 3, '2026-01-13 21:23:58', '2026-01-13 21:23:58'),
(201, 20, 16, 14.00, 'saisie', 3, '2026-01-13 21:23:58', '2026-01-13 21:23:58'),
(202, 20, 17, 13.00, 'saisie', 3, '2026-01-13 21:23:58', '2026-01-13 21:23:58'),
(203, 20, 18, 17.00, 'saisie', 3, '2026-01-13 21:23:58', '2026-01-13 21:23:58'),
(204, 20, 19, 12.00, 'saisie', 3, '2026-01-13 21:23:58', '2026-01-13 21:23:58'),
(205, 20, 20, 6.00, 'saisie', 3, '2026-01-13 21:23:58', '2026-01-13 21:23:58'),
(206, 7, 16, 20.00, 'saisie', 3, '2026-01-13 21:23:58', '2026-01-13 21:23:58'),
(207, 7, 17, 20.00, 'saisie', 3, '2026-01-13 21:23:58', '2026-01-13 21:23:58'),
(208, 7, 18, 20.00, 'saisie', 3, '2026-01-13 21:23:58', '2026-01-13 21:23:58'),
(209, 7, 19, 20.00, 'saisie', 3, '2026-01-13 21:23:58', '2026-01-13 21:23:58'),
(210, 7, 20, 20.00, 'saisie', 3, '2026-01-13 21:23:58', '2026-01-13 21:23:58'),
(211, 18, 16, 1.00, 'saisie', 3, '2026-01-13 21:23:58', '2026-01-13 21:23:58'),
(212, 18, 17, 2.00, 'saisie', 3, '2026-01-13 21:23:58', '2026-01-13 21:23:58'),
(213, 18, 18, 5.00, 'saisie', 3, '2026-01-13 21:23:58', '2026-01-13 21:23:58'),
(214, 18, 19, 12.00, 'saisie', 3, '2026-01-13 21:23:58', '2026-01-13 21:23:58'),
(215, 18, 20, 12.00, 'saisie', 3, '2026-01-13 21:23:58', '2026-01-13 21:23:58'),
(216, 19, 16, 4.00, 'saisie', 3, '2026-01-13 21:23:58', '2026-01-13 21:23:58'),
(217, 19, 17, 5.00, 'saisie', 3, '2026-01-13 21:23:58', '2026-01-13 21:23:58'),
(218, 19, 18, 16.00, 'saisie', 3, '2026-01-13 21:23:58', '2026-01-13 21:23:58'),
(219, 19, 19, 12.00, 'saisie', 3, '2026-01-13 21:23:58', '2026-01-13 21:23:58'),
(220, 19, 20, 10.00, 'saisie', 3, '2026-01-13 21:23:58', '2026-01-13 21:23:58'),
(221, 14, 16, 12.00, 'saisie', 3, '2026-01-13 21:23:58', '2026-01-13 21:23:58'),
(222, 14, 17, 10.00, 'saisie', 3, '2026-01-13 21:23:58', '2026-01-13 21:23:58'),
(223, 14, 18, 15.00, 'saisie', 3, '2026-01-13 21:23:58', '2026-01-13 21:23:58'),
(224, 14, 19, 5.00, 'saisie', 3, '2026-01-13 21:23:58', '2026-01-13 21:23:58'),
(225, 14, 20, 6.00, 'saisie', 3, '2026-01-13 21:23:58', '2026-01-13 21:23:58'),
(226, 21, 16, 12.00, 'saisie', 3, '2026-01-13 21:23:58', '2026-01-13 21:23:58'),
(227, 21, 17, 14.00, 'saisie', 3, '2026-01-13 21:23:58', '2026-01-13 21:23:58'),
(228, 21, 18, 9.00, 'saisie', 3, '2026-01-13 21:23:58', '2026-01-13 21:23:58'),
(229, 21, 19, 6.00, 'saisie', 3, '2026-01-13 21:23:58', '2026-01-13 21:23:58'),
(230, 21, 20, 14.00, 'saisie', 3, '2026-01-13 21:23:58', '2026-01-13 21:23:58'),
(231, 17, 16, 10.00, 'saisie', 3, '2026-01-13 21:23:58', '2026-01-13 21:23:58'),
(232, 17, 17, 13.00, 'saisie', 3, '2026-01-13 21:23:58', '2026-01-13 21:23:58'),
(233, 17, 18, 10.00, 'saisie', 3, '2026-01-13 21:23:58', '2026-01-13 21:23:58'),
(234, 17, 19, 20.00, 'saisie', 3, '2026-01-13 21:23:58', '2026-01-13 21:23:58'),
(235, 17, 20, 12.00, 'saisie', 3, '2026-01-13 21:23:58', '2026-01-13 21:23:58'),
(236, 13, 16, 15.00, 'saisie', 3, '2026-01-13 21:23:58', '2026-01-13 21:23:58'),
(237, 13, 17, 8.00, 'saisie', 3, '2026-01-13 21:23:58', '2026-01-13 21:23:58'),
(238, 13, 18, 8.00, 'saisie', 3, '2026-01-13 21:23:58', '2026-01-13 21:23:58'),
(239, 13, 19, 5.00, 'saisie', 3, '2026-01-13 21:23:58', '2026-01-13 21:23:58'),
(240, 13, 20, 6.00, 'saisie', 3, '2026-01-13 21:23:58', '2026-01-13 21:23:58'),
(241, 11, 16, 4.00, 'saisie', 3, '2026-01-13 21:23:58', '2026-01-13 21:23:58'),
(242, 11, 17, 13.00, 'saisie', 3, '2026-01-13 21:23:58', '2026-01-13 21:23:58'),
(243, 11, 18, 12.00, 'saisie', 3, '2026-01-13 21:23:58', '2026-01-13 21:23:58'),
(244, 11, 19, 14.00, 'saisie', 3, '2026-01-13 21:23:58', '2026-01-13 21:23:58'),
(245, 11, 20, 13.00, 'saisie', 3, '2026-01-13 21:23:58', '2026-01-13 21:23:58'),
(246, 12, 16, 12.00, 'saisie', 3, '2026-01-13 21:23:58', '2026-01-13 21:23:58'),
(247, 12, 17, 3.00, 'saisie', 3, '2026-01-13 21:23:58', '2026-01-13 21:23:58'),
(248, 12, 18, 12.00, 'saisie', 3, '2026-01-13 21:23:58', '2026-01-13 21:23:58'),
(249, 12, 19, 5.00, 'saisie', 3, '2026-01-13 21:23:58', '2026-01-13 21:23:58'),
(250, 12, 20, 9.00, 'saisie', 3, '2026-01-13 21:23:58', '2026-01-13 21:23:58'),
(251, 16, 16, 12.00, 'saisie', 3, '2026-01-13 21:23:58', '2026-01-13 21:23:58'),
(252, 16, 17, 12.00, 'saisie', 3, '2026-01-13 21:23:58', '2026-01-13 21:23:58'),
(253, 16, 18, 6.00, 'saisie', 3, '2026-01-13 21:23:58', '2026-01-13 21:23:58'),
(254, 16, 19, 17.00, 'saisie', 3, '2026-01-13 21:23:58', '2026-01-13 21:23:58'),
(255, 16, 20, 18.00, 'saisie', 3, '2026-01-13 21:23:58', '2026-01-13 21:23:58'),
(256, 8, 16, 14.00, 'saisie', 3, '2026-01-13 21:23:58', '2026-01-13 21:23:58'),
(257, 8, 17, 12.00, 'saisie', 3, '2026-01-13 21:23:58', '2026-01-13 21:23:58'),
(258, 8, 18, 16.00, 'saisie', 3, '2026-01-13 21:23:58', '2026-01-13 21:23:58'),
(259, 8, 19, 17.00, 'saisie', 3, '2026-01-13 21:23:58', '2026-01-13 21:23:58'),
(260, 8, 20, 18.00, 'saisie', 3, '2026-01-13 21:23:58', '2026-01-13 21:23:58'),
(261, 10, 16, 12.00, 'saisie', 3, '2026-01-13 21:23:58', '2026-01-13 21:23:58'),
(262, 10, 17, 10.00, 'saisie', 3, '2026-01-13 21:23:58', '2026-01-13 21:23:58'),
(263, 10, 18, 12.00, 'saisie', 3, '2026-01-13 21:23:58', '2026-01-13 21:23:58'),
(264, 10, 19, 14.00, 'saisie', 3, '2026-01-13 21:23:58', '2026-01-13 21:23:58'),
(265, 10, 20, 18.00, 'saisie', 3, '2026-01-13 21:23:58', '2026-01-13 21:23:58'),
(266, 6, 16, 20.00, 'saisie', 3, '2026-01-13 21:23:58', '2026-01-13 21:23:58'),
(267, 6, 17, 20.00, 'saisie', 3, '2026-01-13 21:23:58', '2026-01-13 21:23:58'),
(268, 6, 18, 20.00, 'saisie', 3, '2026-01-13 21:23:58', '2026-01-13 21:23:58'),
(269, 6, 19, 20.00, 'saisie', 3, '2026-01-13 21:23:58', '2026-01-13 21:23:58'),
(270, 6, 20, 20.00, 'saisie', 3, '2026-01-13 21:23:58', '2026-01-13 21:23:58'),
(271, 5, 21, 1.00, 'saisie', 4, '2026-01-14 12:54:28', '2026-01-14 12:54:28'),
(272, 5, 22, 3.00, 'saisie', 4, '2026-01-14 12:54:28', '2026-01-14 12:54:28'),
(273, 5, 23, 5.00, 'saisie', 4, '2026-01-14 12:54:28', '2026-01-14 12:54:28'),
(274, 20, 21, 9.00, 'saisie', 4, '2026-01-14 12:54:28', '2026-01-14 12:54:28'),
(275, 20, 22, 13.00, 'saisie', 4, '2026-01-14 12:54:28', '2026-01-14 12:54:28'),
(276, 20, 23, 12.00, 'saisie', 4, '2026-01-14 12:54:28', '2026-01-14 12:54:28'),
(277, 7, 21, 14.00, 'saisie', 4, '2026-01-14 12:54:28', '2026-01-14 12:54:28'),
(278, 7, 22, 18.00, 'saisie', 4, '2026-01-14 12:54:28', '2026-01-14 12:54:28'),
(279, 7, 23, 18.00, 'saisie', 4, '2026-01-14 12:54:28', '2026-01-14 12:54:28'),
(280, 18, 21, 12.00, 'saisie', 4, '2026-01-14 12:54:28', '2026-01-14 12:54:28'),
(281, 18, 22, 16.00, 'saisie', 4, '2026-01-14 12:54:28', '2026-01-14 12:54:28'),
(282, 18, 23, 10.00, 'saisie', 4, '2026-01-14 12:54:28', '2026-01-14 12:54:28'),
(283, 19, 21, 20.00, 'saisie', 4, '2026-01-14 12:54:28', '2026-01-14 12:54:28'),
(284, 19, 22, 15.00, 'saisie', 4, '2026-01-14 12:54:28', '2026-01-14 12:54:28'),
(285, 19, 23, 18.00, 'saisie', 4, '2026-01-14 12:54:28', '2026-01-14 12:54:28'),
(286, 14, 21, 12.00, 'saisie', 4, '2026-01-14 12:54:28', '2026-01-14 12:54:28'),
(287, 14, 22, 18.00, 'saisie', 4, '2026-01-14 12:54:28', '2026-01-14 12:54:28'),
(288, 14, 23, 15.00, 'saisie', 4, '2026-01-14 12:54:28', '2026-01-14 12:54:28'),
(289, 21, 21, 16.00, 'saisie', 4, '2026-01-14 12:54:28', '2026-01-14 12:54:28'),
(290, 21, 22, 19.00, 'saisie', 4, '2026-01-14 12:54:28', '2026-01-14 12:54:28'),
(291, 21, 23, 20.00, 'saisie', 4, '2026-01-14 12:54:28', '2026-01-14 12:54:28'),
(292, 17, 21, 17.00, 'saisie', 4, '2026-01-14 12:54:28', '2026-01-14 12:54:28'),
(293, 17, 22, 18.00, 'saisie', 4, '2026-01-14 12:54:28', '2026-01-14 12:54:28'),
(294, 17, 23, 11.00, 'saisie', 4, '2026-01-14 12:54:28', '2026-01-14 12:54:28'),
(295, 13, 21, 16.00, 'saisie', 4, '2026-01-14 12:54:28', '2026-01-14 12:54:28'),
(296, 13, 22, 14.00, 'saisie', 4, '2026-01-14 12:54:28', '2026-01-14 12:54:28'),
(297, 13, 23, 5.00, 'saisie', 4, '2026-01-14 12:54:28', '2026-01-14 12:54:28'),
(298, 11, 21, 0.00, 'saisie', 4, '2026-01-14 12:54:28', '2026-01-14 12:54:28'),
(299, 11, 22, 0.00, 'saisie', 4, '2026-01-14 12:54:28', '2026-01-14 12:54:28'),
(300, 11, 23, 0.00, 'saisie', 4, '2026-01-14 12:54:28', '2026-01-14 12:54:28'),
(301, 12, 21, 12.00, 'saisie', 4, '2026-01-14 12:54:28', '2026-01-14 12:54:28'),
(302, 12, 22, 10.00, 'saisie', 4, '2026-01-14 12:54:28', '2026-01-14 12:54:28'),
(303, 12, 23, 11.00, 'saisie', 4, '2026-01-14 12:54:28', '2026-01-14 12:54:28'),
(304, 16, 21, 11.00, 'saisie', 4, '2026-01-14 12:54:28', '2026-01-14 12:54:28'),
(305, 16, 22, 17.00, 'saisie', 4, '2026-01-14 12:54:28', '2026-01-14 12:54:28'),
(306, 16, 23, 18.00, 'saisie', 4, '2026-01-14 12:54:28', '2026-01-14 12:54:28'),
(307, 8, 21, 13.00, 'saisie', 4, '2026-01-14 12:54:28', '2026-01-14 12:54:28'),
(308, 8, 22, 19.00, 'saisie', 4, '2026-01-14 12:54:28', '2026-01-14 12:54:28'),
(309, 8, 23, 15.00, 'saisie', 4, '2026-01-14 12:54:28', '2026-01-14 12:54:28'),
(310, 15, 21, 11.00, 'saisie', 4, '2026-01-14 12:54:28', '2026-01-14 12:54:28'),
(311, 15, 22, 11.00, 'saisie', 4, '2026-01-14 12:54:28', '2026-01-14 12:54:28'),
(312, 15, 23, 16.00, 'saisie', 4, '2026-01-14 12:54:28', '2026-01-14 12:54:28'),
(313, 10, 21, 18.00, 'saisie', 4, '2026-01-14 12:54:28', '2026-01-14 12:54:28'),
(314, 10, 22, 16.00, 'saisie', 4, '2026-01-14 12:54:28', '2026-01-14 12:54:28'),
(315, 10, 23, 13.00, 'saisie', 4, '2026-01-14 12:54:28', '2026-01-14 12:54:28'),
(316, 6, 21, 20.00, 'saisie', 4, '2026-01-14 12:54:28', '2026-01-14 12:54:28'),
(317, 6, 22, 20.00, 'saisie', 4, '2026-01-14 12:54:28', '2026-01-14 12:54:28'),
(318, 6, 23, 20.00, 'saisie', 4, '2026-01-14 12:54:28', '2026-01-14 12:54:28'),
(319, 5, 24, 12.00, 'saisie', 4, '2026-01-14 12:57:59', '2026-01-14 12:57:59'),
(320, 5, 25, 12.00, 'saisie', 4, '2026-01-14 12:57:59', '2026-01-14 12:57:59'),
(321, 5, 26, 13.00, 'saisie', 4, '2026-01-14 12:57:59', '2026-01-14 12:57:59'),
(322, 20, 24, 13.00, 'saisie', 4, '2026-01-14 12:57:59', '2026-01-14 12:57:59'),
(323, 20, 25, 12.00, 'saisie', 4, '2026-01-14 12:57:59', '2026-01-14 12:57:59'),
(324, 20, 26, 18.00, 'saisie', 4, '2026-01-14 12:57:59', '2026-01-14 12:57:59'),
(325, 7, 24, 14.00, 'saisie', 4, '2026-01-14 12:57:59', '2026-01-14 12:57:59'),
(326, 7, 25, 15.00, 'saisie', 4, '2026-01-14 12:57:59', '2026-01-14 12:57:59'),
(327, 7, 26, 18.00, 'saisie', 4, '2026-01-14 12:57:59', '2026-01-14 12:57:59'),
(328, 18, 24, 15.00, 'saisie', 4, '2026-01-14 12:57:59', '2026-01-14 12:57:59'),
(329, 18, 25, 13.00, 'saisie', 4, '2026-01-14 12:57:59', '2026-01-14 12:57:59'),
(330, 18, 26, 13.00, 'saisie', 4, '2026-01-14 12:57:59', '2026-01-14 12:57:59'),
(331, 19, 24, 16.00, 'saisie', 4, '2026-01-14 12:57:59', '2026-01-14 12:57:59'),
(332, 19, 25, 15.00, 'saisie', 4, '2026-01-14 12:57:59', '2026-01-14 12:57:59'),
(333, 19, 26, 12.00, 'saisie', 4, '2026-01-14 12:57:59', '2026-01-14 12:57:59'),
(334, 14, 24, 17.00, 'saisie', 4, '2026-01-14 12:57:59', '2026-01-14 12:57:59'),
(335, 14, 25, 13.00, 'saisie', 4, '2026-01-14 12:57:59', '2026-01-14 12:57:59'),
(336, 14, 26, 15.00, 'saisie', 4, '2026-01-14 12:57:59', '2026-01-14 12:57:59'),
(337, 21, 24, 13.00, 'saisie', 4, '2026-01-14 12:57:59', '2026-01-14 12:57:59'),
(338, 21, 25, 14.00, 'saisie', 4, '2026-01-14 12:57:59', '2026-01-14 12:57:59'),
(339, 21, 26, 16.00, 'saisie', 4, '2026-01-14 12:57:59', '2026-01-14 12:57:59'),
(340, 17, 24, 15.00, 'saisie', 4, '2026-01-14 12:57:59', '2026-01-14 12:57:59'),
(341, 17, 25, 12.00, 'saisie', 4, '2026-01-14 12:57:59', '2026-01-14 12:57:59'),
(342, 17, 26, 12.00, 'saisie', 4, '2026-01-14 12:57:59', '2026-01-14 12:57:59'),
(343, 13, 24, 12.00, 'saisie', 4, '2026-01-14 12:57:59', '2026-01-14 12:57:59'),
(344, 13, 25, 16.00, 'saisie', 4, '2026-01-14 12:57:59', '2026-01-14 12:57:59'),
(345, 13, 26, 15.00, 'saisie', 4, '2026-01-14 12:57:59', '2026-01-14 12:57:59'),
(346, 11, 24, 0.00, 'saisie', 4, '2026-01-14 12:57:59', '2026-01-14 12:57:59'),
(347, 11, 25, 0.00, 'saisie', 4, '2026-01-14 12:57:59', '2026-01-14 12:57:59'),
(348, 11, 26, 0.00, 'saisie', 4, '2026-01-14 12:57:59', '2026-01-14 12:57:59'),
(349, 12, 24, 20.00, 'saisie', 4, '2026-01-14 12:57:59', '2026-01-14 12:57:59'),
(350, 12, 25, 20.00, 'saisie', 4, '2026-01-14 12:57:59', '2026-01-14 12:57:59'),
(351, 12, 26, 20.00, 'saisie', 4, '2026-01-14 12:57:59', '2026-01-14 12:57:59'),
(352, 16, 24, 13.00, 'saisie', 4, '2026-01-14 12:57:59', '2026-01-14 12:57:59'),
(353, 16, 25, 16.00, 'saisie', 4, '2026-01-14 12:57:59', '2026-01-14 12:57:59'),
(354, 16, 26, 13.00, 'saisie', 4, '2026-01-14 12:57:59', '2026-01-14 12:57:59'),
(355, 8, 24, 13.00, 'saisie', 4, '2026-01-14 12:57:59', '2026-01-14 12:57:59'),
(356, 8, 25, 15.00, 'saisie', 4, '2026-01-14 12:57:59', '2026-01-14 12:57:59'),
(357, 8, 26, 18.00, 'saisie', 4, '2026-01-14 12:57:59', '2026-01-14 12:57:59'),
(358, 15, 24, 14.00, 'saisie', 4, '2026-01-14 12:57:59', '2026-01-14 12:57:59'),
(359, 15, 25, 15.00, 'saisie', 4, '2026-01-14 12:57:59', '2026-01-14 12:57:59'),
(360, 15, 26, 10.00, 'saisie', 4, '2026-01-14 12:57:59', '2026-01-14 12:57:59'),
(361, 10, 24, 15.00, 'saisie', 4, '2026-01-14 12:57:59', '2026-01-14 12:57:59'),
(362, 10, 25, 15.00, 'saisie', 4, '2026-01-14 12:57:59', '2026-01-14 12:57:59'),
(363, 10, 26, 20.00, 'saisie', 4, '2026-01-14 12:57:59', '2026-01-14 12:57:59'),
(364, 6, 24, 18.00, 'saisie', 4, '2026-01-14 12:57:59', '2026-01-14 12:57:59'),
(365, 6, 25, 15.00, 'saisie', 4, '2026-01-14 12:57:59', '2026-01-14 12:57:59'),
(366, 6, 26, 20.00, 'saisie', 4, '2026-01-14 12:57:59', '2026-01-14 12:57:59');

-- --------------------------------------------------------

--
-- Table structure for table `periodes`
--

CREATE TABLE `periodes` (
  `id` int(11) NOT NULL,
  `nom` varchar(100) NOT NULL,
  `annee_universitaire` varchar(9) NOT NULL,
  `type` enum('semestre','trimestre','session','rattrapage') NOT NULL,
  `date_debut_saisie` datetime NOT NULL,
  `date_fin_saisie` datetime NOT NULL,
  `statut` enum('a_venir','ouverte','fermee','publiee') DEFAULT 'a_venir',
  `date_publication` datetime DEFAULT NULL,
  `date_creation` timestamp NOT NULL DEFAULT current_timestamp()
) ENGINE=InnoDB DEFAULT CHARSET=utf8mb4 COLLATE=utf8mb4_general_ci;

--
-- Dumping data for table `periodes`
--

INSERT INTO `periodes` (`id`, `nom`, `annee_universitaire`, `type`, `date_debut_saisie`, `date_fin_saisie`, `statut`, `date_publication`, `date_creation`) VALUES
(1, 'S5', '2025-2026', 'semestre', '2025-09-01 22:40:00', '2026-01-30 22:40:00', 'publiee', NULL, '2026-01-11 21:41:09'),
(2, 'S5 Rattrapage', '2025-2026', 'rattrapage', '2026-01-30 22:41:00', '2026-06-26 22:53:00', 'a_venir', NULL, '2026-01-11 21:54:04');

-- --------------------------------------------------------

--
-- Table structure for table `progression_saisie`
--

CREATE TABLE `progression_saisie` (
  `id` int(11) NOT NULL,
  `matiere_id` int(11) NOT NULL,
  `periode_id` int(11) NOT NULL,
  `professeur_id` int(11) NOT NULL,
  `total_etudiants` int(11) NOT NULL,
  `total_notes_attendues` int(11) NOT NULL,
  `notes_saisies` int(11) DEFAULT 0,
  `pourcentage` decimal(5,2) DEFAULT 0.00,
  `valide_par_prof` tinyint(1) DEFAULT 0,
  `date_validation` datetime DEFAULT NULL,
  `date_mise_a_jour` timestamp NOT NULL DEFAULT current_timestamp() ON UPDATE current_timestamp()
) ENGINE=InnoDB DEFAULT CHARSET=utf8mb4 COLLATE=utf8mb4_general_ci;

--
-- Dumping data for table `progression_saisie`
--

INSERT INTO `progression_saisie` (`id`, `matiere_id`, `periode_id`, `professeur_id`, `total_etudiants`, `total_notes_attendues`, `notes_saisies`, `pourcentage`, `valide_par_prof`, `date_validation`, `date_mise_a_jour`) VALUES
(1, 5, 1, 3, 1, 2, 2, 100.00, 1, '2026-01-13 21:43:36', '2026-01-13 20:43:36'),
(2, 4, 1, 3, 8, 40, 40, 100.00, 1, '2026-01-13 21:45:19', '2026-01-13 20:45:19'),
(3, 3, 1, 3, 15, 60, 60, 100.00, 1, '2026-01-13 21:00:27', '2026-01-13 20:00:27'),
(4, 1, 1, 3, 15, 75, 75, 100.00, 1, '2026-01-13 22:24:05', '2026-01-13 21:24:05'),
(5, 6, 1, 4, 16, 48, 48, 100.00, 1, '2026-01-14 13:59:39', '2026-01-14 12:59:39'),
(6, 8, 1, 4, 16, 48, 48, 100.00, 1, '2026-01-14 14:05:12', '2026-01-14 13:05:12');

-- --------------------------------------------------------

--
-- Table structure for table `templates_formules`
--

CREATE TABLE `templates_formules` (
  `id` int(11) NOT NULL,
  `nom` varchar(100) NOT NULL,
  `description` text DEFAULT NULL,
  `colonnes_requises` longtext CHARACTER SET utf8mb4 COLLATE utf8mb4_bin NOT NULL CHECK (json_valid(`colonnes_requises`)),
  `formule` text NOT NULL,
  `categorie` varchar(50) DEFAULT NULL,
  `date_creation` timestamp NOT NULL DEFAULT current_timestamp()
) ENGINE=InnoDB DEFAULT CHARSET=utf8mb4 COLLATE=utf8mb4_general_ci;

--
-- Dumping data for table `templates_formules`
--

INSERT INTO `templates_formules` (`id`, `nom`, `description`, `colonnes_requises`, `formule`, `categorie`, `date_creation`) VALUES
(1, 'Moyenne simple', 'Moyenne arithmétique de toutes les notes', '[\"Note1\", \"Note2\"]', 'MOYENNE(Note1, Note2)', 'Standard', '2026-01-11 21:27:23'),
(2, 'DS + Examen', 'DS coefficient 1, Examen coefficient 2', '[\"DS\", \"Examen\"]', '(DS + Examen * 2) / 3', 'Standard', '2026-01-11 21:27:23'),
(3, 'Meilleure des deux', 'Garde la meilleure note entre deux évaluations', '[\"Note1\", \"Note2\"]', 'MAX(Note1, Note2)', 'Spécial', '2026-01-11 21:27:23'),
(4, 'TP + Projet + Examen', 'Moyenne TP 30%, Projet 30%, Examen 40%', '[\"TP\", \"Projet\", \"Examen\"]', 'TP * 0.3 + Projet * 0.3 + Examen * 0.4', 'Standard', '2026-01-11 21:27:23');

-- --------------------------------------------------------

--
-- Table structure for table `utilisateurs`
--

CREATE TABLE `utilisateurs` (
  `id` int(11) NOT NULL,
  `nom` varchar(100) NOT NULL,
  `prenom` varchar(100) NOT NULL,
  `email` varchar(150) NOT NULL,
  `mot_de_passe` varchar(255) NOT NULL,
  `role` enum('admin','professeur','etudiant') NOT NULL,
  `date_creation` timestamp NOT NULL DEFAULT current_timestamp()
) ENGINE=InnoDB DEFAULT CHARSET=utf8mb4 COLLATE=utf8mb4_general_ci;

--
-- Dumping data for table `utilisateurs`
--

INSERT INTO `utilisateurs` (`id`, `nom`, `prenom`, `email`, `mot_de_passe`, `role`, `date_creation`) VALUES
(1, 'Admin', 'Super', 'admin@uemf.com', '$2a$12$31tHUYmtkAl5jRwNt7j94eYruFk.OaOHRg9mE9/35BJLITlCoUHlK', 'admin', '2026-01-11 21:30:53'),
(3, 'sami', 'hatim', 'hatim@uemf.com', '$2y$10$rkhTyLS7bxyTSjPYyVoa.uB6rLyfg6MiE/5Ci6Oh9Or/ZccOVOaa6', 'professeur', '2026-01-11 21:55:08'),
(4, 'simo', 'simo', 'simo@uemf.com', '$2y$10$95vdf2TWTtk2Im74IOMOKOqTXyl2nL3wjWgExSH/Pp6FnxCLex2Y.', 'professeur', '2026-01-11 21:55:58'),
(5, 'ahmed', 'ahmed', 'ahmed@uemf.com', '$2y$10$YBQIXKbRKWZfIQSfb8bw2eW3ZuqdFPDItbjUFHHT8ZNXp3xWJThdS', 'etudiant', '2026-01-11 21:56:21'),
(6, 'youssef', 'sadik', 'youssef@uemf.com', '$2y$10$eOmWolo4KVk7A.THGJZdp.ygZeTrai1fj.GLx5J3GAtRuVor.YqUy', 'etudiant', '2026-01-12 16:37:33'),
(7, 'bendiouri', 'mohammed reda', 'reda@uemf.com', '$2y$10$.FF2LWFvNA.tP74lY1rgoe.ch9Pvy23gsir1uzWb6SnbM818JrPfW', 'etudiant', '2026-01-12 17:11:32'),
(8, 'sefri', 'aya', 'aya@uemf.com', '$2y$10$XvSn.JIyiPToXz7aTvK08eceoUwGSxLXk1fGJhGtrt9TOI0Tv5.9S', 'etudiant', '2026-01-12 17:11:55'),
(10, 'tikota', 'hamza', 'hamza@uemf.com', '$2y$10$o3uwwVAAEe8Ot4pA4IeywOH8QvgzwwQVEQdV11uMCR6i9FdJq7Bj6', 'etudiant', '2026-01-12 17:14:32'),
(11, 'osimhen', 'victor', 'victor@uemf.com', '$2y$10$NNvDKteb9u4Qlce0077YpOJfqLOBh9koVL.xvQL8947DiPYSl6U2W', 'etudiant', '2026-01-12 17:15:06'),
(12, 'safsaf', 'rania', 'rania@uemf.com', '$2y$10$4ubP3G179tRG56XUDsP9f.ENPZL309.8KjH86sKzg1OXHHjxE2fz6', 'etudiant', '2026-01-12 17:18:29'),
(13, 'nichan', 'alaa', 'alaa@uemf.com', '$2y$10$.SGw.v9mkGyVDWnyrN4Sx.e73HhU2pekKkAe62EBwqgbHgZSTvb7W', 'etudiant', '2026-01-12 17:19:29'),
(14, 'freda', 'chaima', 'chaima@uemf.com', '$2y$10$kpD/sATek69RkfO3Y8Tgo.CrGv7Jf3FKaqdqa83U.w9t/DZZaxSLm', 'etudiant', '2026-01-12 17:20:59'),
(15, 'skiwida', 'jawad', 'jawad@uemf.com', '$2y$10$5wp6slsPlR1QRjCGE8f2o.RXfYQai8mD/R8udY7u0Rx87dBB5mewe', 'etudiant', '2026-01-12 19:47:22'),
(16, 'salah', 'hassan', 'hassan@uemf.com', '$2y$10$7suH.CaoG4895x4/bdOL3.BOlDjVzJGeqVwlw/mvXpYT8ICHOyp2.', 'etudiant', '2026-01-13 19:34:05'),
(17, 'kherbchona', 'malak', 'malak@uemf.com', '$2y$10$L0v9yNQdmB2UoBSfhpTjQ.kiSp/O73LBGAJ7jR14pL5duFhwS.cJ6', 'etudiant', '2026-01-13 19:34:34'),
(18, 'benmousa', 'lina', 'lina@uemf.com', '$2y$10$WsH7UPjoisXW7YiPLKmJPeHaGsyVma0dFVQORV26uPCmwVQgBXmmK', 'etudiant', '2026-01-13 19:35:03'),
(19, 'chakri', 'zineb', 'zineb@uemf.com', '$2y$10$68O.9cbGD7Ry2ZgOjW9tE.wxbra/E47tKsWXwJrFgQEdwuYvWwuli', 'etudiant', '2026-01-13 19:35:59'),
(20, 'attar', 'arije', 'arije@uemf.com', '$2y$10$TXnu5u8wFZHEScHW4SUzRuRoQ5i9EVe450LKyxmqi9lKf7kLeABge', 'etudiant', '2026-01-13 19:38:31'),
(21, 'harrani', 'asmae', 'asmae@uemf.com', '$2y$10$vK4vgBTevtQ6KpCMUdnpQ.t1VOxonZwKqNdTbtGEs7KPHsjpTyuyi', 'etudiant', '2026-01-13 19:39:21');

--
-- Indexes for dumped tables
--

--
-- Indexes for table `affectations_profs`
--
ALTER TABLE `affectations_profs`
  ADD PRIMARY KEY (`id`),
  ADD UNIQUE KEY `unique_affectation` (`professeur_id`,`matiere_id`,`periode_id`,`groupe`),
  ADD KEY `idx_affectations_prof` (`professeur_id`),
  ADD KEY `idx_affectations_matiere` (`matiere_id`),
  ADD KEY `idx_affectations_periode` (`periode_id`);

--
-- Indexes for table `configuration_colonnes`
--
ALTER TABLE `configuration_colonnes`
  ADD PRIMARY KEY (`id`),
  ADD UNIQUE KEY `unique_colonne` (`matiere_id`,`periode_id`,`code_colonne`),
  ADD KEY `periode_id` (`periode_id`),
  ADD KEY `idx_config_col_matiere_periode` (`matiere_id`,`periode_id`);

--
-- Indexes for table `filieres`
--
ALTER TABLE `filieres`
  ADD PRIMARY KEY (`id`),
  ADD KEY `idx_filieres_responsable` (`responsable_id`);

--
-- Indexes for table `formules`
--
ALTER TABLE `formules`
  ADD PRIMARY KEY (`id`),
  ADD UNIQUE KEY `unique_formule` (`matiere_id`,`periode_id`),
  ADD KEY `periode_id` (`periode_id`),
  ADD KEY `idx_formules_matiere_periode` (`matiere_id`,`periode_id`);

--
-- Indexes for table `historique_notes`
--
ALTER TABLE `historique_notes`
  ADD PRIMARY KEY (`id`),
  ADD KEY `idx_historique_note` (`note_id`),
  ADD KEY `idx_historique_modifie_par` (`modifie_par`);

--
-- Indexes for table `inscriptions_matieres`
--
ALTER TABLE `inscriptions_matieres`
  ADD PRIMARY KEY (`id`),
  ADD UNIQUE KEY `unique_inscription` (`etudiant_id`,`matiere_id`,`periode_id`),
  ADD KEY `idx_inscriptions_etudiant` (`etudiant_id`),
  ADD KEY `idx_inscriptions_matiere` (`matiere_id`),
  ADD KEY `idx_inscriptions_periode` (`periode_id`);

--
-- Indexes for table `matieres`
--
ALTER TABLE `matieres`
  ADD PRIMARY KEY (`id`),
  ADD UNIQUE KEY `UQ_matieres_nom_filiere` (`nom`,`filiere_id`),
  ADD KEY `idx_matieres_filiere` (`filiere_id`);

--
-- Indexes for table `moyennes`
--
ALTER TABLE `moyennes`
  ADD PRIMARY KEY (`id`),
  ADD UNIQUE KEY `unique_moyenne` (`etudiant_id`,`matiere_id`,`periode_id`),
  ADD KEY `idx_moyennes_etudiant` (`etudiant_id`),
  ADD KEY `idx_moyennes_matiere` (`matiere_id`),
  ADD KEY `idx_moyennes_periode` (`periode_id`);

--
-- Indexes for table `notes`
--
ALTER TABLE `notes`
  ADD PRIMARY KEY (`id`),
  ADD UNIQUE KEY `unique_note` (`etudiant_id`,`colonne_id`),
  ADD KEY `saisi_par` (`saisi_par`),
  ADD KEY `idx_notes_etudiant` (`etudiant_id`),
  ADD KEY `idx_notes_colonne` (`colonne_id`);

--
-- Indexes for table `periodes`
--
ALTER TABLE `periodes`
  ADD PRIMARY KEY (`id`);

--
-- Indexes for table `progression_saisie`
--
ALTER TABLE `progression_saisie`
  ADD PRIMARY KEY (`id`),
  ADD UNIQUE KEY `unique_progression` (`matiere_id`,`periode_id`),
  ADD KEY `periode_id` (`periode_id`),
  ADD KEY `professeur_id` (`professeur_id`),
  ADD KEY `idx_progression_saisie_matiere_periode` (`matiere_id`,`periode_id`);

--
-- Indexes for table `templates_formules`
--
ALTER TABLE `templates_formules`
  ADD PRIMARY KEY (`id`);

--
-- Indexes for table `utilisateurs`
--
ALTER TABLE `utilisateurs`
  ADD PRIMARY KEY (`id`),
  ADD UNIQUE KEY `email` (`email`);

--
-- AUTO_INCREMENT for dumped tables
--

--
-- AUTO_INCREMENT for table `affectations_profs`
--
ALTER TABLE `affectations_profs`
  MODIFY `id` int(11) NOT NULL AUTO_INCREMENT, AUTO_INCREMENT=12;

--
-- AUTO_INCREMENT for table `configuration_colonnes`
--
ALTER TABLE `configuration_colonnes`
  MODIFY `id` int(11) NOT NULL AUTO_INCREMENT, AUTO_INCREMENT=27;

--
-- AUTO_INCREMENT for table `filieres`
--
ALTER TABLE `filieres`
  MODIFY `id` int(11) NOT NULL AUTO_INCREMENT, AUTO_INCREMENT=3;

--
-- AUTO_INCREMENT for table `formules`
--
ALTER TABLE `formules`
  MODIFY `id` int(11) NOT NULL AUTO_INCREMENT, AUTO_INCREMENT=7;

--
-- AUTO_INCREMENT for table `historique_notes`
--
ALTER TABLE `historique_notes`
  MODIFY `id` int(11) NOT NULL AUTO_INCREMENT;

--
-- AUTO_INCREMENT for table `inscriptions_matieres`
--
ALTER TABLE `inscriptions_matieres`
  MODIFY `id` int(11) NOT NULL AUTO_INCREMENT, AUTO_INCREMENT=121;

--
-- AUTO_INCREMENT for table `matieres`
--
ALTER TABLE `matieres`
  MODIFY `id` int(11) NOT NULL AUTO_INCREMENT, AUTO_INCREMENT=10;

--
-- AUTO_INCREMENT for table `moyennes`
--
ALTER TABLE `moyennes`
  MODIFY `id` int(11) NOT NULL AUTO_INCREMENT, AUTO_INCREMENT=93;

--
-- AUTO_INCREMENT for table `notes`
--
ALTER TABLE `notes`
  MODIFY `id` int(11) NOT NULL AUTO_INCREMENT, AUTO_INCREMENT=367;

--
-- AUTO_INCREMENT for table `periodes`
--
ALTER TABLE `periodes`
  MODIFY `id` int(11) NOT NULL AUTO_INCREMENT, AUTO_INCREMENT=3;

--
-- AUTO_INCREMENT for table `progression_saisie`
--
ALTER TABLE `progression_saisie`
  MODIFY `id` int(11) NOT NULL AUTO_INCREMENT, AUTO_INCREMENT=7;

--
-- AUTO_INCREMENT for table `templates_formules`
--
ALTER TABLE `templates_formules`
  MODIFY `id` int(11) NOT NULL AUTO_INCREMENT, AUTO_INCREMENT=5;

--
-- AUTO_INCREMENT for table `utilisateurs`
--
ALTER TABLE `utilisateurs`
  MODIFY `id` int(11) NOT NULL AUTO_INCREMENT, AUTO_INCREMENT=22;

--
-- Constraints for dumped tables
--

--
-- Constraints for table `affectations_profs`
--
ALTER TABLE `affectations_profs`
  ADD CONSTRAINT `affectations_profs_ibfk_1` FOREIGN KEY (`professeur_id`) REFERENCES `utilisateurs` (`id`) ON DELETE CASCADE,
  ADD CONSTRAINT `affectations_profs_ibfk_2` FOREIGN KEY (`matiere_id`) REFERENCES `matieres` (`id`) ON DELETE CASCADE,
  ADD CONSTRAINT `affectations_profs_ibfk_3` FOREIGN KEY (`periode_id`) REFERENCES `periodes` (`id`) ON DELETE CASCADE;

--
-- Constraints for table `configuration_colonnes`
--
ALTER TABLE `configuration_colonnes`
  ADD CONSTRAINT `configuration_colonnes_ibfk_1` FOREIGN KEY (`matiere_id`) REFERENCES `matieres` (`id`) ON DELETE CASCADE,
  ADD CONSTRAINT `configuration_colonnes_ibfk_2` FOREIGN KEY (`periode_id`) REFERENCES `periodes` (`id`) ON DELETE CASCADE;

--
-- Constraints for table `filieres`
--
ALTER TABLE `filieres`
  ADD CONSTRAINT `filieres_ibfk_1` FOREIGN KEY (`responsable_id`) REFERENCES `utilisateurs` (`id`) ON DELETE SET NULL;

--
-- Constraints for table `formules`
--
ALTER TABLE `formules`
  ADD CONSTRAINT `formules_ibfk_1` FOREIGN KEY (`matiere_id`) REFERENCES `matieres` (`id`) ON DELETE CASCADE,
  ADD CONSTRAINT `formules_ibfk_2` FOREIGN KEY (`periode_id`) REFERENCES `periodes` (`id`) ON DELETE CASCADE;

--
-- Constraints for table `historique_notes`
--
ALTER TABLE `historique_notes`
  ADD CONSTRAINT `historique_notes_ibfk_1` FOREIGN KEY (`note_id`) REFERENCES `notes` (`id`) ON DELETE CASCADE,
  ADD CONSTRAINT `historique_notes_ibfk_2` FOREIGN KEY (`modifie_par`) REFERENCES `utilisateurs` (`id`) ON DELETE CASCADE;

--
-- Constraints for table `inscriptions_matieres`
--
ALTER TABLE `inscriptions_matieres`
  ADD CONSTRAINT `inscriptions_matieres_ibfk_1` FOREIGN KEY (`etudiant_id`) REFERENCES `utilisateurs` (`id`) ON DELETE CASCADE,
  ADD CONSTRAINT `inscriptions_matieres_ibfk_2` FOREIGN KEY (`matiere_id`) REFERENCES `matieres` (`id`) ON DELETE CASCADE,
  ADD CONSTRAINT `inscriptions_matieres_ibfk_3` FOREIGN KEY (`periode_id`) REFERENCES `periodes` (`id`) ON DELETE CASCADE;

--
-- Constraints for table `matieres`
--
ALTER TABLE `matieres`
  ADD CONSTRAINT `matieres_ibfk_1` FOREIGN KEY (`filiere_id`) REFERENCES `filieres` (`id`) ON DELETE CASCADE;

--
-- Constraints for table `moyennes`
--
ALTER TABLE `moyennes`
  ADD CONSTRAINT `moyennes_ibfk_1` FOREIGN KEY (`etudiant_id`) REFERENCES `utilisateurs` (`id`) ON DELETE CASCADE,
  ADD CONSTRAINT `moyennes_ibfk_2` FOREIGN KEY (`matiere_id`) REFERENCES `matieres` (`id`) ON DELETE CASCADE,
  ADD CONSTRAINT `moyennes_ibfk_3` FOREIGN KEY (`periode_id`) REFERENCES `periodes` (`id`) ON DELETE CASCADE;

--
-- Constraints for table `notes`
--
ALTER TABLE `notes`
  ADD CONSTRAINT `notes_ibfk_1` FOREIGN KEY (`etudiant_id`) REFERENCES `utilisateurs` (`id`) ON DELETE CASCADE,
  ADD CONSTRAINT `notes_ibfk_2` FOREIGN KEY (`colonne_id`) REFERENCES `configuration_colonnes` (`id`) ON DELETE CASCADE,
  ADD CONSTRAINT `notes_ibfk_3` FOREIGN KEY (`saisi_par`) REFERENCES `utilisateurs` (`id`) ON DELETE CASCADE;

--
-- Constraints for table `progression_saisie`
--
ALTER TABLE `progression_saisie`
  ADD CONSTRAINT `progression_saisie_ibfk_1` FOREIGN KEY (`matiere_id`) REFERENCES `matieres` (`id`) ON DELETE CASCADE,
  ADD CONSTRAINT `progression_saisie_ibfk_2` FOREIGN KEY (`periode_id`) REFERENCES `periodes` (`id`) ON DELETE CASCADE,
  ADD CONSTRAINT `progression_saisie_ibfk_3` FOREIGN KEY (`professeur_id`) REFERENCES `utilisateurs` (`id`) ON DELETE CASCADE;
COMMIT;

/*!40101 SET CHARACTER_SET_CLIENT=@OLD_CHARACTER_SET_CLIENT */;
/*!40101 SET CHARACTER_SET_RESULTS=@OLD_CHARACTER_SET_RESULTS */;
/*!40101 SET COLLATION_CONNECTION=@OLD_COLLATION_CONNECTION */;
